"business_id","name"
"ZkzutF0P_u0C0yTulwaHkA","Lelulos Pizzeria"
"39lLJK_rrYY2NYomSsQdUA","Marco's Pizza"
"0y6alZmSLnPzmG5_kP5Quw","J J's Pizza"
"_Kp1IPTi17wBywYOd30raA","Pizza Hut"
"1YC7AbQMlNb5mLUlwwaa3w","Bites and Brews"
"crBw_Hq3gCkppirgjnIl4A","Famous Yeti's Pizza"
"cPNolx5Ae2znDZNA7GG5BQ","Little Caesars Pizza"
"7LzhLKAwS7PHUvaPIW833A","Dominic's Santos"
"ijNQXC2cBhbkf6iB6D8OJw","Genoa Pizza & Bar"
"LTPcaw-_IqOfTSDxe8811A","Duke's Pub and Pizza"
"7-OCdlOQQCHAqYDI_elK6Q","Doughboys Pizza"
"00J65e-ewht6GZ9fXZdP1w","Pizza Hut"
"isao1F5FW5kvQl402UlJ3g","Little Caesars"
"fhTTP5HRqOzmFw-31Qe7QA","Mario's Fish Bowl"
"x1Cd2gSPZVeNxDPzzqlClQ","Casey's General Store"
"4Vig7oCo9P-j2OnPUfaXCA","Papa John's Pizza"
"sytLExNDyQuELMDguVUqhA","Pizza Hut"
"mSWNf1muSy9wgGtMRgt7Fg","Zeppe's Tavern & Pizzeria"
"_3-gItHIdBvQ9XrDrIQLXg","Ribkens Cpr"
"2PBPh8LTwt_mXP0GUYa9NQ","Veltre's Pizza"
"wTBfpTjdWG_zoE62B_bLtA","Monical's Pizza"
"EJGv2la6CcZmEIpkE4hzyg","Iron City Cafe"
"nsw3tlB-hwz4KbPYcuaSww","Novanta"
"goMccfETQlUOb9_USl4BUg","Mean Mugs Pub"
"ZfCzpZNYSWeA3Ouku2eqlA","Pizza Hut"
"h8MMgum-XUQhU4xWCyQWLQ","The Jailhouse Taverne"
"a3ZqjElMgAe924sbXZVcvA","Sciulli's Pizza"
"BQMVcJQV70gUQjwi7-MrSg","Gustoso Authentic Italian Pasta and Pizza"
"y2lttTrB3kyoEG6kDSONbg","Max McQ's"
"GqH0U0E3Te5pUUjyiIzNBQ","Hungry Howie's Pizza"
"uE6hI5_i4QVq12xU99xtqA","Fazio's Pizza"
"Qy_FDRtL-f-syUlEKpg_6A","Teresa's Pizza"
"yU7GLvB07AEGhsoCc9scQg","P & M Pizza"
"TQqhfjlPVEz41K_wAogQSQ","Luigi's"
"vZmKNy61z53RnxBTCy86YQ","Mama Rosa's Pizza Chicken Subs"
"gbDZhohLAOL1ufdVWHMTxQ","Pizza Hut"
"Zp2vJfHciG9IiXfmtH5Wdw","Beta Bites"
"OsgTFouPbcrCDnt-byTdAw","Fortino's Pizza"
"vvyr4r16lx5hjHJpaFJ8kw","Kicker's Pizza & More"
"P7Vk5j_XzWl-9kS5qZd9aQ","Fat Angelo's Pizzeria - Pittsburgh"
"MkzaB1merlsrz92EMGQQkw","Sunset Grill of Deforest"
"UgWVMUWFrr6bt3NSfuKrGQ","Guys Pizza Co"
"CiNZmBtZRaRSXKjwun4R4A","Pizza Di Roma West"
"CnmhEiSGkIgUdFGN-rpaHw","Fatbob's Pizza"
"TEXUVhF-G_v2Sxwqti8HQA","Old Chicago"
"pWJoOfYUWSkro0WNxHspFg","Claudio's Pizzeria & Ristorante"
"UXl_Grxsus1o0w3NKxYn4g","Big Guy's Pizza"
"_d69ooWJ_7AXYQRvVNSjmQ","Pizza Hut"
"R7eLlAdeIYsxux_Vm0l5sg","Carbonara's Restaurant"
"jItwkDeMBFquEb7mAvW-Dw","Little Caesars Pizza"
"-Lovf0jkQtvb6Y_WjDn-sw","Sola Pizza"
"JexI9opGP2n_Xv6IKnN0Bg","Domino's Pizza"
"GEpIV65f4afQHlL-yxC3wA","Black Rock Pizza"
"VSbLyFGbq7KUYSpyNxFnew","Master Pizza"
"4MyZEzAuoh8oXPzCEhw_FA","Lotsa Stone Fired Pizza"
"grtgCs-Ni4lTIJJr3dOu_w","Gioninos Pizzeria"
"j4Ms51MtI4arORwaICNfCw","Ohio City Pizzeria"
"fiRbomFAAtfTYOTTtnDUcA","Caliente Pizza & Drafthouse"
"wuyJfCF5gWyz9yrFMaGczQ","The Pub At 333"
"lqwx4u_BFK8bgd91O-L1hg","Italian Village Pizza"
"A4aU9qMO4yxv4q3dqHZjmw","Antonios Pizza"
"LBcCkRqkqJGthuqLE0t7zw","Pizza Hut"
"tFuWPheGlUElFlWUTLSUjA","Bishop's Pizza"
"lpel3pRFAzlow7u2TJMz4Q","Humble Wine Bar"
"qUZvcHJ6YDNHVmPLe02mYg","The Pizza Company"
"aMQ9eniSKkEkL0id93Y9cw","Carmella's Pizza Bazaar"
"CkjKz23djBq3MoBrAzFYZw","Campana's Pizza"
"stD-LTFFwlmBdzU-0aBntw","Little Nipper's Pizza II"
"tstXUpIFZQ9xYejjGQrDwg","PIZZAFIRE"
"mJ24zWo_FdE3_9v24sqFiw","Vento's Pizza"
"qZZ8VU1Bk-xCruEAZNwm6A","Sainato's at Rivergate"
"TwYdL1qY7FFBl1BqCo-CJw","Sorella's Pizza"
"YUpTWjuCgOL51Wti8XKxRw","Gionino's Pizzeria"
"jyFoxS8MofdpkAAK6A2LVQ","Domino's Pizza"
"WFM2FE0THduTbnjgGdGDLQ","Pizza Hut"
"bftSQN9eaE5EQBe3ZztN8Q","Angelia's Pizza"
"z_RTK0MaxaRHRQ99hDL2QA","Benny Fierro's"
"Uda-CqNfow8Gh4rgtdhJZg","Tomatoes II Pizzeria"
"HQhy9jCF-GBb9x-xhJ1rJQ","La Felice Pizza & Pasta"
"xXZw2v10FbaqRiibXhAhlg","Fanucce's Italian Imports and Pizzeria"
"CTFjaE5hOldHEoTrQa78Ig","Yocono's Italian Foods"
"eY2i8JbK0AnFvMs-CyV39w","Pizza Hut"
"Ev142kLmV_ASI9iAl-KfKA","Pizza Pit Extreme"
"0-kqF27U3eBsSDtlm986Ww","Terrace Gardens Restaurant"
"4Y6vhw_oer_GgFQQCE7ziQ","East of Chicago Pizza"
"Gpm--ooVaO8bA2OCKcMSEg","Da Vinci Pizzeria"
"rL5ALCnz3MT6LzWxADIaVg","Cici's Pizza"
"RDB4IbeleUsEaqyItDaYRw","Pizza Hut"
"CqCWN9aBJf8YNJxyel7psg","Glass Nickel Pizza - Madison West"
"oRKyGtUsN5IcRReN7ScUwQ","Riviera Pizza & Pasta"
"QeCkX3JI0dZiC6UK4tWl6A","Italian Village Pizza"
"sYf2auhosrx8trbyP9nGyw","DP Dough"
"PBSnhhjJ9X2uMRgx4QhTcw","Sirius Pizza"
"oPvYovnl06fy5W0e51zjMQ","Winghart's Burger & Whiskey Bar"
"PuytdMfre748Xfby1Hx9Wg","Rumerz Sports Bar & Grill"
"hmCYLvuZSlITrQrdbHBiyw","Euro Gyro"
"4NkEWTs76FplOihc-qyBZQ","Maisie's Pizza"
"Tz4fdGixKO3_HvOh8i81Iw","Vinny's Pizza"
"KHZKC-xiTAC8yoxRC_95Tg","Pizza Hut"
"tUeYSmiIQn0WG9LN-qRLKg","R&B's Pizza Place"
"ZWq8Fq13JPDAqt7rPjSwcQ","Cork-N-Bottle"
"hV9XufCpXMn2eOHzKZshHQ","Russo's Pizza"
"7xHbnGo4MXFkBm6gYSu_xg","Anthony's Coal Fired Pizza"
"KUZwPgq6IFYiMzwrEH5CLg","Nicco's Pizza"
"BxpWf0-aNxjpfdZcULR6vg","Geppetto's Pizza & Ribs"
"2uOUtyXYDr47V1Ka-ia0Ag","D'Agnese's Bistro Seven Hills"
"w2_nR3p2XMWTP0J8GA_v_A","Angelo's Pizzeria & Restaurant"
"Iye1RLS53c2uXjxWVjwTwA","Dominic's Pizza"
"5Oh4E8lTlAHzs4hrjsLFOA","Stockmano's Pizza"
"EXt8OOwNE2CjoShPgLNdlg","Paparazzi Pizzeria"
"9TO5Tl9SeFV-yldR2eZeBg","Parkway Tavern"
"Q9jOi1245KEyb-vehMUeFA","Mama Roberto's"
"wA0g8Mgbb8JiJcw3CftI2A","Zeppe's Pizza"
"bH1S_yLmuqW1ZKKW6OIh-A","Georgio's Oven Fresh Pizza"
"Y3RWEmu4ykuc2LvG3Qv9Ew","Pizza Roma"
"kWW_EvMdS87-sXadKsqtXQ","Chuck E. Cheese"
"czBupdPk4qbW5wlMOEOcWQ","Tomaydo Tomahhdo Express"
"LpKloJ5DFU1rjEENALnGZg","Dal Forno"
"gWsWtppVufrGfGWw1HcjOA","Dream Lanes"
"n5BPR_prEPB4B3lxUpoX4g","Papa John's Pizza"
"YgHp9MdZ1vVdYyMEro4TtQ","XYZ the Tavern"
"3DQKaQN2wjWTWUN0EBwkzw","Della Sala's Pizza"
"epWC7CGRbNHkXM7G2ulYzQ","Bellacino's Pizza & Grinders"
"HjdEgAATE1UgqfxG_0clDQ","Day One Pizza"
"-ZaQKvtRGQA-4FoUE_1s4w","That's Amore"
"n5S6BuEvl96RgCTafnYkvg","Papa Santi's"
"H5vlbkJ_8mFI1wCGHO3apg","Villa Italian Kitchen"
"53-Y3Jw20QV6TeDkRjSyJQ","Fox's Pizza Den"
"hr0vxeTzlHx6fTpSSmu2AA","Russo's"
"NnOAwa0A2tNPnZl9IHVLPQ","Zeppe's Bistro & Pizzeria"
"2v3uI97JPebCDaTNy8jdwg","Pizza Sola"
"1EcTLweQoXJPjC-ETL_8fw","Falbo Bros. Pizzeria"
"T9uRUpoontO6YX-GoM4UvA","Calabria's Italian Restaurant"
"9fH0ow907crGLmPnHFeI0A","Petti's Pizza & Restaurant"
"70xIqwlxO2m1d7g0cC3Vrw","Domino's Pizza"
"Y4vnA8okdRLoFOKSTWVd2g","Dontino's Italian Restaurant"
"kdA5JlSuysSCsphCWpoqpg","Mama Julianne's"
"drRQFkC9yRXXZUhktaMplA","Glenda's Pizza Depot"
"6zm33qiJAMtjMSXGlfIFKA","Bella Donne Pizza"
"p5HLsmZpzqsZpOng04I8eQ","Disanto Pizza"
"5-Z7VmiTqD4ycnrxfBJGmQ","Monical's Pizza"
"a3hjBPsnpcTpcquQXLeS0w","Dragon Fire Pizza"
"NN6HpdvQlGZUVjBwzhgUWQ","Rocky River Brewing Company"
"E_tvJL3lfmCTWAcq2js8Kw","A Touch of Italy"
"sbm0jmhWui8YrvFgxnJ4kQ","Glass Nickel Pizza  - Sun Prairie"
"WxHgUs1JDtubttO3MkQR_Q","Nonni's Pizza"
"4s-eHLQcoMqAgfzbiQsKIw","Rascal House"
"WQtacDLMzqmWC4Ks6cMyFQ","Fellini's Pizzeria"
"BMR_AsSBzTQHqW-SQabI4w","California Pizza Kitchen at Ross Park"
"IWDA6Tp8aFIaIqJJnZF0oA","Pizza Hut"
"jGMoZYcrc9AdUIiMWaQZPw","Cozzeria Pizzeria"
"Cao_8SCICexsS31lbjFBVA","Rossi's"
"F4kjKxXXyn3e-BYVb1mWcg","Tnt Dynamite Pizza & Hoagies"
"4hxptOMsA-c4XAlFBwl2Ww","Tavern In The Hills"
"JZEw18_OhSzFj0IfXF6v6Q","Alex's Corner Pizza Shop"
"jW4-bGuymLGlB9OBsTq3TA","Toscana Brick Oven"
"iytPyg_lc_cBb3id1oaDGA","Jet's Pizza"
"P_PCpidHJQksW2-ufqoz4w","Marco's Pizza"
"BeVO7CR25FBOCJoOIJiQvw","Blasiole's Pizza"
"Z9jxD-Xne-hm7e3q7FA4MA","Domino's Pizza"
"ZUvdiRbne9e8zqaLRtfgGA","Pizza Hut"
"qqRk3eH2JLZBUz2jDwIseA","Villa Fresh Italian Kitchen"
"papMvgFSTh3hBb8junt7CA","Nello's Pizza"
"7cQaxDXTxNu_SywNDsTS5w","Papa John's Pizza"
"0_dPxVRwmDbg22oYDRX6gw","Pizza Hut"
"r2BP0Irh63hqYUDSZd0ijQ","Stancato's Italian Restaurant"
"eU_713ec6fTGNO4BegRaww","La Tavola Italiana"
"Piw4Xr1wNyL4lgmwLZ2eTg","Jet's Pizza"
"EDjKoA9kv4bn9UXnocnFXA","Pizza Ranchini"
"wxxn-2vEWky9ROitqfYFzw","Village Inn Pizza"
"WEs9MN1M6tixwEz844jCUw","Nunzio's Pizzeria"
"ZL6BK8wweb-8ncJ7kFIG-A","Aiello's Pizzeria"
"kDu6EvknXAygJf1KSfwhUA","Bella Vita Italian Grille & Pizzeria"
"sNJRwmDtSRsnnhtqD0HfLw","East of Chicago Pizza"
"B5ObTJUb7fwMsa4UMU5XDw","Murrysville Pizza"
"u2w7rfwl06rzHU7RcRkr9w","Antonio's Pizzeria Loschiavo"
"djW8gh3JJ-__NCxx1YQaHg","Biagio's Donut Shop & Pizzeria"
"2Si-ClmjmqrNPa7BvfwWcg","Teresa's Pizza"
"LSyR_fhLdQkSBDIv64REuA","Rasicci's Pizza"
"3XUH9aFxt4vU9Pzi5aBtow","Domino's Pizza"
"y5drVdOn-r6OyEJnpH3fjQ","Pizza Hut"
"vEP5p3FNPiFhyu-MzjFuHg","Little Caesars"
"icreAcMdHeI7_PUQXdywmQ","Domino's Pizza"
"8LtLZER8PiJsD8itophWgA","Little Caesars"
"SoOBdulYAm7p6LdFJdbINg","Sam's Pizza Shop"
"yfJcj4qwewXp_QJ7L5WMfw","Corner Cafe"
"i7MSJP4JH9yoNpbUsaV9_w","Gumby's Pizza & Wings Delivery Hotline"
"Zja7ykq3icDzkN20XX6j1w","Aiello's Pizza"
"JZ4ZRdRSllhuAt94tFCH8w","Anthony's Coal Fired Pizza"
"mLP-jIIRdoaYM7fJqqFurw","Napoli Pizzeria"
"J9f-9Prw2YVM-fiZqv2fmQ","Original Hot Dog Shop"
"QE17nyFmFjEQHSvZFwj5yw","Papa John's Pizza"
"fecugmTuE9701GwqLsa9vg","Lu's Pizza"
"-Glmj_sxqCu0F3G62kFt1Q","Mazzone & Sons Bakery"
"P4uQXhzxjKFBtnqfx_O4tA","Vocelli Pizza - Pleasant Hills"
"j9Z3c0OVhpv8ZDntMBEsiQ","Santosuossos'pizza Pasta Vino"
"qYiVyZrgbzxcBxuUgfPyHg","Rivertowne"
"lop2cMZ8mml0PqY1epavbA","Danny Boy's- Broadview Heights"
"HO3K5PGB5-v8fXzBADRKQg","Doughboy's Pizza & Wings"
"nlEw8XVhQ5CTEr60xaE4Pg","Ash Kris Pizza"
"QNn3lvwCBwNcQFPbjAtgdQ","Fairway Grille"
"cTPdZ9Va0HCLESf5gNnXwA","Lucille"
"eigkQ_PuRON8Se265NqQDQ","Pizza by Robert"
"aaEdLuaBvgNZWdc_I5O82g","Pizza Hut"
"JdQNxOiUFt0r2NN__rKnOw","Marco's Pizza"
"dAa0hB2yrnHzVmsCkN4YvQ","Rock Run Inn"
"ulLQMYF2gGIWZg9Yhybz0w","Italian Village Pizza"
"qqop0eM9UQcI8uRRIWOOKQ","Rosa's Bakery & Pizza Shop"
"BpJDI4Fj92lLNALQQeLvLg","Slice On Broadway"
"JTKzGJvIK9yuoUf-erV2qQ","Bella Notte"
"ZPAnqqAKLjg9uCN6Rk1lfg","Pizzuvio"
"_LdcfborL4KV5cJeaP-pjw","Marco's Pizza"
"uLUjru9JVkI_qmFHCxYwAQ","Papa Primoz"
"vuC03KldDXReH8VTqRK03g","LaRich's Pizza"
"ysJT2cV2BkYGUThnU_wr6w","Giovanni's Pizza North Olmsted"
"DMcLgReB7oz6GHeyIT3tpQ","Primozz Pizzeria"
"B7UeQVtXDcH8EXTc8p_M1Q","Beach Club Grill"
"fbwPGh_uXxo_hzitVbp-cA","Papa Murphy's"
"MIMnDoaFcJlGuwiV-Z6hHw","Paponetti's Pizza Ribs & Spirits"
"1-b05KzlioUXxSbl53gcNg","Cala's Pizzeria"
"zn5G8-rw3AWfe_oH0AX3zw","Hunner's Restaurant & Catering"
"FQF7F9U-_TCNIwtsOlbV1A","DaBuzi's"
"wjwtW0zepI-8JISDSYP9Gw","Italian Village Pizza"
"38aN0fB_zHtkw1kb3lSj8g","Michael's Pizza Bar & Restaurant"
"k4Vhhh4h4cNCQmnxWiy79Q","Pizza Americana"
"GPRBJhVxvTmRnWEWsI8Myw","Hungry Howie's Pizza"
"7DDbpf2fe2K8bp6Hrsk8xQ","D'Tutanelli's Pizza"
"626YELArtYZoJ6XjwVmbaQ","Marco's Pizza"
"mpk_HvqeYqFics27JeSkHw","Antonio's Pizza"
"OacH3fpQxtfk7NU-s-Rmmw","La Rocca's Restaurant & Pizzeria"
"8UPbuIL9jVSWkGvC47b2Zw","Sir Pizza"
"tNw9uqfIzl247SfiZ-JBLw","Alesci's Downtown"
"vdO7gFpp8tnieDN4Heuj_Q","Marco's Pizza"
"i87x-nZWBdx7NF9zzuweJw","The Cannery Bar and Grille"
"dDW4Ou_cT1aBMA5JcRuCSQ","Ya Ya's Pizza"
"u8C8pRvaHXg3PgDrsUHJHQ","Papa Del's Pizza"
"5m_xSthxwPoR-XvJvtTeNQ","PIZZAFIRE"
"u-Xr6P0dHS5IF3HQEg5KoQ","Vocelli Pizza"
"pN3UbQ1n4WVli-kfFDfWug","Fabios Pizza"
"YrFYBMWnRWkRpy9XyMfMRw","Winghart's Burger & Whiskey Bar"
"ZjMNad9hCvBJficJA0bFRQ","Gumby's Pizza"
"USOUJ8IyZlBo7uF-2Spy-g","Iceburgh's Bistro"
"onXIcU_eoe-9tO0K9Ocwow","Jioio's Restaurant"
"viJhVpNuqM2hjqYwGLz-8Q","Pizza Hut"
"Aw4HH_bjUL8L_EU61mgQHg","Tasty Pizza"
"770342KIMaJ0lgnA_prw9w","Dante's Inferno"
"WQhFa6FJ2MSGGpol7oRWLQ","Gaetano's Restaurant"
"Ykg-jzdJS5UAlkF5YaCsyA","Loparo's Pizza"
"KLEq6wOySURxlZtgl88Ztg","Papa Rocks"
"uvPv-iPbOtp0Zhgzwn0A3w","Memorial Union"
"sjVVGhnLJrcEq0ErUL168w","Domino's Pizza"
"Xc3Y8_cWBnMVXvoJmGCh4g","La Rocca's Restaurant and Pizzeria"
"D44jdlGFwQ11JPL6j_XfqQ","Drew Menas Restaurant & Lounge"
"dllR57eag-M-GVyNt1IJlA","Capps Pizza"
"32DUrg5Thezf1eGsWK6Gdw","Moe's Tavern Brewing"
"o_V0HU7HGfmUZ4PD57CN1A","Pizza and Gyro Express"
"K_xtAppJIWWeO8pNzK22lA","Messina Pizza & Bakery"
"8dRTawvY9n8yHPr-Q-XlsQ","Red's Falbo Bros Pizzeria"
"muDjbvbwNSg2B17JA2VF9w","Rosie's Pizza Palace"
"bSdLGMzfyNa5PcwH_00_CQ","Jack's Pizza & Hoagies"
"J4tO07oCDhwP3rdcgjjdxg","Abo's Grill"
"jz4jg_OTw32IMr_sXFwj9Q","Monte Cello's"
"_qoXWEB5qb0Me1CCMLWlmg","Beach Club Bistro"
"pw5B6BKQ4dWPzKesqn01NA","Tony's Pizza"
"xdDu5TFsAC97e05IeDxdpQ","Zeppe's Pizzeria"
"1pOqoAixFXrVci0kSZnbzQ","Papa Murphy's"
"72s7cTvPgI_meydNhX-JMA","Vincent's of Green Tree"
"U94MrQjZ3OVq7lPw4UQ70g","Bishop's Pizza"
"wFLt8DNjXITHusXlyBCAOQ","Binali Pizza"
"__sXvAzVGUsK6AyzT19v6g","Pizza & Pasta Villa"
"lUUUqAg02Wzf6Fizc_fS7A","Tommy's Pizza Chicken Ribs"
"4BfmLcy9iMJSsFFKzyIfKQ","Pizza Hut"
"HjrwseYzjupnpMdV4SaPWg","Piazza Talarico and Papa Joe's Wine Cellar"
"WQAQ6IrxRMz4U22Y79-CuA","Brick-Side Eatery"
"VDcfkHSR_Asv3onUsfBTqA","Freedom Pizza & Deli"
"CipRVpM7YzsE-9U9wf2YNQ","Redfin Blues"
"k8i9cLTEXNL3QgbZkcR-KQ","Emsworth Inn"
"bY6cylV5ASHvD-gCuKTptQ","Nunzio's Pizzeria"
"GWWIyxmD-lynwmiiv2zQUA","Pizza Palermo"
"9eqZNBLnNycOWQ2wQEwulQ","The Flats on Carson"
"of-a3UqUN5iz-ttBf0knig","Police Station Pizza"
"KBmrUBkPksJyYY2guqhoHA","Georgio's Oven Fresh Pizza"
"hfuLh_1ZFZZ6kDKD6Fs-nQ","Pizza Bomonti"
"2X3gsHAStlvhAQDOvOxEoQ","Broadway Pizza"
"MYyJ9orpiRq0prjVq4ku7w","Pizza Fiesta"
"rBU_G1wrSoiylPYj19HDNA","Guys Pizza"
"Jwz8PVY1teREUDLfzKVAKw","Club Lamark"
"fwJyji2z5FNCCC7CaOzVJw","Pizza Hut"
"LIwZeaV0WcapSxh628RiZA","Romeo's Pizza"
"DUuZjarJ7vOHJNEHNI0WUw","Anthony Jr's Restaurant & Pizzeria"
"mqDh5Nr01wNP-1sPcwxAcQ","Riviera PIzza & Pasta"
"zUE7mWTE5Ee8adPD1eWbUg","Gateway Grill"
"RFCtxMNwO_8ONYnWNDxYqg","Skinny Pete's Kitchen"
"Eg_M8eeu9SDEdbP7iUmVbQ","The Porch at Schenley"
"hcryG9RkmK9oCELYLHukiQ","Supremo's Pizzeria"
"kmq0Y15icHK36kpJyho_Zw","Large Plain"
"9eeOPBfiQ7ThdauEcivYkw","Raya's Pizzeria"
"wcfMZkhEADT32i5TTPqWEg","Humble Pie"
"nI0ZbsiN6YBxI2cFc27kMA","Little Caesars"
"xMOupO7-c7howKlS1AQwJw","Pizza Hut"
"ESC1tS28OueKX5akvrM_Ww","Pizza Hut"
"QWRieSmElMDJ9ENGG0JDuA","Papa John' Pizza"
"rZXfYxaXTFxALpbjv7i9Eg","The Wild Goose"
"3Vc8PmDGQbhwUX-xeRuQlA","Aces Depot"
"xE8Ss3wMazjA2aR5mtI5AQ","Knuckleheads Pizza"
"_mJG1LOO47P0OQOJTNKQxA","My Pizzetta"
"kd4PwIjtWK2Lx0wUcovo5A","Marottas"
"TG2lWzpspxiVL9kDfGt5Eg","The Dougout Pub & Grill"
"Jw9mNU1ibHioRdyGFTafYg","The Original Giovanni¡¯s Pizza on 5th Ave"
"5uvxo3dzBfy9piSUC3bQ8A","Domino's Pizza"
"_cySQtzW1NAQLciwjsnXrg","Roman Fountain Pizza"
"z1a9e7jV9zSIN2fWPHekqQ","Ian's Pizza Garver"
"RRUyGOb4MDlPLNHIq9gMRg","Papa John's Pizza"
"URpAp76v2SVBbDJr3Obasg","Pittsburgh Pizza Point"
"86Q7elyyiNgZIrfVMBqHnQ","Giovannis pizzeria and subs"
"MSD3ugpoTpuQvruUiUoMGQ","Geppetto's Pizza & Ribs"
"2HADvskBEVOatrQiHKUfew","Clubhouse Sports Bar & Grill"
"pvKp4m3eFeHv15kYZaq1Bw","Papa John's"
"ftkUQCPM-wFu55Ou-BzFgw","Pittza Rella"
"9x1bWbbSgFCMLJlJR8mezQ","La Gondola Pizzeria & Restaurant"
"tKWoQENTGxhYCJSbY4ZLsQ","Upper Crust Pizza - Cleveland"
"VVbp-2Bs5_MGrjboTwpSRA","Venice Pizzeria"
"xoA1_vsxC0xD_fPgDZ2mbg","V3 Flatbread Pizza"
"sR4z9gghML6gPGmJdLZU1A","Marco's Pizza"
"tPhBcz3Oh1Nkuy2ltInO4Q","Capps Pizza"
"syK8j95vkxKeHmQ3xyKnPQ","Donatos Pizza"
"dKncjeWnvdqYiNC8l26fog","Jimmy John's"
"b2ZukyGCS7xDlv0ZAlXdYg","Alida's Woodfire Cucina"
"AhySqKdERmUocQ_LGPd_Og","Caliente Pizza & Drafthouse"
"N1AzHZsgdLUKpcc1FMEEQQ","Penn Murry"
"AjmnVZbP86tHHPZobuyJ2Q","Hunner's Deli Pizza & Catering"
"4xnVH2jTVwrsO88q_jHWWw","pizzaBOGO"
"iJWSjU80CFP5SjhrjEvRng","Domino's Pizza"
"rFu2sVUuvMzJiTnbbwD9Zg","Domino's Pizza"
"QlBj9BHsb1q7jv5y_oh_aw","Little Caesars Pizza"
"qSZa_skrz3CchQ1yqCa42Q","Sole & Sapori Pizza"
"a58I0zM9LBILSRWbuiBRbg","Boston's Gourmet Pizza"
"rrbsm1QkVMAiHtXpIBrtGg","D.P. Dough - OPENING SOON"
"4HmMIJHY8lCdINvrxyyvrQ","Gianni's Pizza of Cecil"
"GH_GGx54q-U_NZ_A3znakg","Vincent's Pizza Park"
"b6maj_RSR-UKipl7QFXypA","Kirtland City Tavern"
"zxfb_EWIjK2rzkSRIboTMA","Super Pizza"
"Ac3JAxptiN4wfPg-zNNCNw","Pizza Burgh"
"btRo30YqzXeTbgxk6gnLMw","Pizza Hut"
"fcyk-PZKRqo4EUJ0vH1aNg","Capps Pizza"
"2wU2cdWiKegJujTliMJx0w","La Felice Pizza and Pasta"
"r-r-aHrFKEXGcvDoBolWvg","Marco's Pizza"
"dkJb9ustnZNogY4QDvjaYw","Guilio Bonazza's Pizzeria"
"mq8jXL_UlyndiZtqN_H1rA","Pizzeria 1081"
"bdEB4XvUqhXSwzClNaOi0A","Daboro's"
"J6NSVc43WrlPnnVHezz7dw","PIZZAFIRE"
"j-EGxXe3ErGtAlmE1XjYJg","R & B's Pizza Place"
"jO9gbncmBCExL_FvFKU5Ew","The Grateful Deli & Catering Company"
"Yajo9-m23_0axIinbB8ygQ","Romano's Pizza & Cafe"
"ewleimx1N5LR580XGMNnTA","Angies New York Style Pizzeria"
"sFW80RuwnT1IQL3vNaBiBg","Wood Stoked Oven"
"-SNFOrPHya_I4m6vj491UQ","East of Chicago Pizza West Akron"
"WrrpNPL91qhcBiQT6mor8A","Upper Crust"
"5X1stJTur_paJFZ9TTuNIw","Vocelli Pizza"
"KZeD91osgdu3OSqoutRMpQ","Pizza Hut"
"t6OSEZiX-w68k2f3gR47qw","Big Guy's Pizza & Pasta"
"EKCSvhzoAWHjAlD2Nzj5zg","Ramella's Pizzeria"
"rIj7fC2wwRr_2iVSIAtbQw","Yinz Guys Pizza"
"277ETKOLg1XreTWL8hGlHw","Molto Bene Italian Eatery"
"E_IIblD1Vu9YSywrvs4vBw","Pizza Milano"
"7g-r_uS61rNomPlOKSUkAA","The Roo Bar & Grill"
"u5Wuzp8uC79IuCglLHXpag","Casa Del Sole Pizza"
"Gz76BIuluMYH2Z7ZyZljMA","Pizzaz Italian Restaurant"
"Igr5Id1TWyM3JLsY_td9_w","Jimmy John's"
"BZ0WzEOBVssB21oG4aO2nQ","Papa John's Pizza"
"FGL0dGh9450_SEtDNlU3Cg","Gino Brothers Pizzeria & Bar"
"J5xFCQ74DrFaffZx7_seHg","Marco's Pizza"
"kB_y2a5DqK6OH4xzCWBRcw","Romulus Pizza al Taglio"
"xqlZTLl5CtVlIvVehdeDQg","Zeppe's Pizzeria"
"ptkUSiYeU9O-jVdxnpLxIA","Grande Italian Restaurant"
"TU2oECyx4VhCnzRzGzOlTg","Vincenzo's Pizza & Pasta"
"LwFlN4-f4cPHx6-gk8HlUw","Domino's Pizza"
"wXNHLkDkh0HKGJeYVnpafQ","Angelo's Pizzeria"
"l0_1vTmL0rzNE3JxIZPpdg","Gionino's Pizzeria"
"W1vydY_gBcNQVsOGlkdtDA","Pizza Brutta"
"O_VbULM34sYCVMwYDaKagQ","Pizza Hut"
"lr24BCFNXmnFsIXk4utUjQ","Casamel's Pizza"
"haGstZfcH0IeRPncH2oFPQ","Cha Spirits & Pizza Kitchen"
"lK_iVjCur58if_XcbENGqg","Don Campiti's Pizzeria"
"XaeCGHZzsMwvFcHYq3q9sA","Pizza Hut"
"at5Oj1aprhbFuqwojBIkqA","Gina's Pizza"
"oiv2xp6xWX8ZLgrKDsKdrA","Gavino's Pizzeria"
"hyJboRkFYvJ8kaMY9ZvUGg","Pizza Daddies"
"yGwEJqqI9oLsRuliqDRAlg","Shop-n-Go Deli"
"LXVwq9kk7ThMVxsPtRjbjQ","Zoe's Pizzeria"
"l7qewKwTevZhOb5sKPdoeA","Romeo's Pizza"
"EFq1p7Nm1SkCqT2RQWI67A","Mama Primozz Pizza"
"DhOvRBU3IXi_vClfRWz4KA","Diana Baker's Diner"
"O3BVb5A0djGMi8jAfr0-Lg","S Aiken Bar & Grille"
"DbJco15A2QEk26ZXZ43rOw","Pizza Bogo"
"lpm1DmC45R4paaP3kiwM5Q","Jet's Pizza"
"QjEob2WSROiBPVjh0-BfxQ","The Third Place"
"5knOqCWniwFbDlznijP3bQ","Little Caesars Pizza"
"KbgfH1qMvnhMc7MSMZDs1Q","Mikey's Pizza"
"icco2swWSWYyItdI_ktyvg","Fox's Pizza Den"
"gcf4gxFDSGJ5Rf-F40y3-g","Italiano's Pizzaria"
"3YyG6npW4_PbreY6lGwmYg","Zeppe's Tavern & Pizzeria"
"F56TiSa71Tk4PIQ0HN8oag","Pizzazz on the Circle"
"BnXUUv_s12eMbYWds5wjPQ","Pepperoni's"
"1zFWG3jsy7BMmfkDyS7IZg","Georgio's Oven Fresh Pizza"
"Xl6FT63CXaRSbj4Lq2b7Yg","Gionino's Pizzeria"
"69qSUamgUO0mO2TdL5IGDw","Giovanni's Pizza Parma"
"eHRdn24LZYeRDSOQeCQtHw","Frittata Mangia Italiano"
"yZE8Vwam62qWB5bO0kvp6w","Little Caesars Pizza"
"_MW_OR1UgzWoxzbhcOsIHA","Pasta Lears Pizzeria"
"MWYJl-bIxhtQ-4Kg3ENUxA","Rosati's Pizza"
"kXRG_PEpz8G-IUkS1efdMA","Romeo's Pizza"
"qrCWmo0o3On13ltqOdRgkw","PIZZAFIRE"
"bK6-jk1zpHU-Hon1R4XuhA","Master Pizza"
"6nEKhv-dTrgjjk-9_Sruug","Papa John's Pizza"
"cDIVM9ho73XXpVFzRNcLIw","E M Pizzeria"
"tVAsBWep7oiqu1Y1OkD5uw","Rosa's Pizza"
"9cYuHvnoPhm1UpLvHvoWWw","7-Eleven"
"fMdnlYyN5EMhafyE3dGTFQ","Pizza Palermo"
"XiJG_I82LssFbGDIMsHYvQ","Rafters Draft & Dough"
"8z4sC_8dsZiiMWjIPYE_iQ","Pizza Hut"
"2koGK8csbE3AIFf7r2dMNw","Domino's Pizza"
"729grSa1Wsn-hfv7D5uOxg","Pizza House"
"-2dlgoN1ass-zmrE5rqHGw","Pizza Hut"
"hUCujBvgttk5jNh_uQwi2Q","Spak Brothers Pizza and More"
"oeM0DDW5_85ZlZftf0E6nw","Uptown Kitchen"
"OTDogJk9hVcM0oT_ia_09g","Angelo's"
"sOXRk5TkFrz3pKzUYF1EEw","Papa John's Pizza"
"OAsYaD7nLC2kDuqO4uaoIQ","Badamo's Pizza"
"41LcUz0kXaYHiMf8rUS_aQ","Pavona's Pizza Joint"
"dmvhmb1bopqnSg1ofF59uQ","Marco's Pizza"
"-nZwVZqlk_ET-dpTtvEqPw","Pizza Hut"
"cKM7-GGHYgXwTG4qjZ8xAg","Pizza Joe's"
"I9I3wIHFDz1rxVqbltk7NQ","North Coast Pizza & Subs"
"vaOeSb5w8uCZFhyrU8VfJQ","Georgio's Oven Fresh Pizza"
"j3IEZP4nQAt7fkxmerLMbA","Winghart's Burger & Whiskey Bar"
"cdLjMoQPRtdWN4g6LW650w","Matteo's Casual Italian"
"GO6HVcOtwuIOSzys6Qut9w","Fresh Planet"
"_0W9-Gkjkcct8vcStBU7iQ","Pasquale's Pizzeria"
"w4a6TuFWArSc29dB51rPNA","Bar Cento"
"NN7OUdRxgkoUvpI440UA7A","Concerto Italian Kitchen"
"j4Tp1IwpiprXvLWlx8qUaA","Marios Pizza House"
"nMV7Sn15I87tDlHJiSE92A","Fat Tommy's Pizzeria"
"yr_llKYozx_HHIzAkqHyFQ","Emidio & Sons Italian Restaurant"
"C0c3ahJp1U4Jg_kgGoyXKw","Primanti Bros"
"PZGMea3EZIG20k8mG1JJ1w","Severino's Restaurant & Lounge"
"w-C9LX2gMSCHZzmrsHWrsg","Nipper's Pizzeria"
"meWM6BeBKvoIj_L7TE1Ocg","Celebrity Pizza"
"YjmbCvygeMj9dfJp6neQ_A","City Oven"
"rhitftTt-4-zoByj1bVYMQ","Yala's Pizza"
"F9JDMhOEDsE0PnutWhGqAQ","Pizza Hut"
"B5hl4fV8ZmwN2bLDgdr0Fw","Bado's Pizza Grill & Ale House"
"FhorgXn87xro7G9m-fXIwA","Longo's Italian Restaurant"
"5Rga-U1cPfKHCFAPRg7FOw","Bellissimos Pizza & Deli"
"mGb55Zvkb3D8yooZpRkz3w","Georgio's Oven Fresh Pizza"
"q9m74q6V7mNQyeCAa9UD8A","Zoe's Pizzeria"
"YH6hDo64_CfCcSBuCAivlg","Pizza Hut"
"Cpsx6c52u6AoeP-8ezH9OQ","Pizza Oven"
"6ceiDk3BwxhXd2XtTWOX4g","Fire Truck Pizza Company"
"ZUkboDzajRkpz-OqhXdVIw","Euro Gyro"
"Ms17VRbhM5Et6OEZnAUyxg","Sauced Wood Fired Pizza"
"dgG4shOIEdpv8ZLkRaAYug","Voodoo Brewery Cleveland"
"RzVHK8Jfcy8RvXjn_z3OBw","Romeo's Pizza"
"JePAAhbOLBDI74VeePOBKw","Slice On Broadway"
"NoF90rswXBHESSyDaWeKKA","Proper Brick Oven & Tap Room"
"Fw6-Sturc0Z9ZJlkPO_Gxw","Pizza Booyah"
"6J_0rYlC04QF3e0Onjtg0A","Romeo's Pizza"
"Pccg1shSg7RQAXedGHft1Q","Pizza Forever"
"9Syf2IB98QdSaMSVK8yFPg","Loco Pie Pizza"
"nlrUUtIO0s0a6umCE55prA","Mulberry's"
"-5NXoZeGBdx3Bdk70tuyCw","Po' Boys Restaurant"
"2alo9GzeOsbg4jeKYFQmxQ","Santo's Italian Restaurant"
"hEtb2D81MtRfKuAd1FdV6w","Farinacci Pizza"
"NLHDJkLStHnuG-VF_b2kpA","Pizza Hut"
"mRQ4VE74i8EYJTHsZExaZw","Crossroads Pizza Kent"
"XQ0RIDqgnkXueL6y1CY3Cg","Pizza Hut"
"Tiu3iRXMlzEEI6Epp3I8lg","Cafe Sababa"
"zsdcQyNJRP553oHEItm1iQ","Sbarro"
"qd7KHsn4B4q3CqNw-yxOWQ","Doughboys Pizza"
"q4N8XvZfK1EuIZWl9QRjgw","Domino's Pizza"
"5cWPgytHCuPq0poBz7r5sw","Jb's Pizza Place"
"1lujZNJqP5s966L0PRmRrg","Rocky Rococo"
"glVr3rLMHVBLONg3_n7_XA","Rascal House Pizza"
"MkITdtEYh1ocu7uCJ9R4cA","Pizza Hut"
"HGXAq1gGFBchML1PffQNnQ","Bellisario Pizza Shop"
"5Hu5StOBGtxFhgV0OSkPSA","Glass Nickel Pizza - Fitchburg"
"uYY6cZmWLKYltbDkHcpkrA","Labcorp"
"zbdUUR3SMPnA-HP0hmkk7Q","Molta Bella Pizza"
"vuqGbDMcRwLTFntf9guD0Q","Papa John's Pizza"
"TrCiLMGy_bxbeAQcuSSUeQ","Larry & Carols Pizza"
"fDHXMT9xbclFP32_ekmAiA","Pizza Pit"
"6YC6CsXRrmPv_iwfvc9onA","Teresas Pizzeria"
"LzK_0z9OoG1NBaTq16MrUA","Little Caesars Pizza"
"fUaK9qAu3n8xVXaKn7BDJQ","Little Caesars Pizza"
"M-qtsg3fVoG6sWBrDz4-6w","Pizza Parma"
"gQ37eH1H-lobmfkEJArq9g","Johnny Mac's Pizza And Wings"
"KBSUpQVY_hSudz7796wIJQ","Master Pizza"
"pqsNkM5pgbio1x-2HQoefw","BJ's Restaurant & Brewhouse"
"G4EBHnNSTWsnqTzxdiv5VQ","Domino's Pizza"
"v84O7YwkMuwIH8xReJ0xYg","Papa John's"
"pGu7YwnkIueer-3r3pkQdg","Rascal House"
"gc4IkXZ3l7Lcmswcht-_ig","Amo's Pizza"
"Oy228reHc1KcnY7qiyW9Rg","Slice on Broadway"
"Dwbjw0039_7fBsNZ9CXF4Q","Pizza Hut"
"1qYCUtw6_ehv7u_FxiE8IA","Iron Born Pizza"
"-CxNhGa-yskzfrTP9GX6zA","Papa Murphy's"
"rziLQ_IrRbZMPb3QxCIWUA","Pizza Hut"
"x96SxIclNKmAgTEjQbkhxg","Pizzazz Pizza & Dining Room"
"-Mm4YqCDM5CqSDDh7HI6Zw","Crust"
"SwOmVhXZa5kvyTp53rUwKg","White Box Pizzeria"
"2MiDnjmAK9lu4vX_23vpFQ","Midview Pizza"
"4qnE3AqOo-gCcckCmEliuA","Marco's Pizza"
"F44RugAixD4yauHlTGXGug","Primanti Bros"
"rwKSKNRKXVERaltnjVltEA","Arcade Pizza"
"6Yyrg9dO82ZyQjRl7UzOyw","Emidio & Sons Italian Restaurant - Akron"
"2UCXCbv7qaO3d8FfQd4Ing","Pizza Bellino"
"kwMJ4KfhEcrk9jiMe-S6wQ","Mercurio's"
"b1KgvPR5WdhWwR1HRuSpVg","Hungry Howie's Pizza"
"Zv1NU6lctxP18tkAvuZWqQ","Novanta"
"wgXwKEK9MeJruxx7-w178Q","RollHouse Entertainment - Parma"
"15LVDu1_v97JEx-g97wnfA","Salvatore's Tomato Pies"
"bxr0YgwbRM-qzpR47vQEzw","Mevoli's Pizza"
"yBia51pdmhCmZdnwLa-uUg","Dettore's Pizza"
"NiHToxa8Fzx5yM1NYAEgaw","MacKenzie's Pub"
"CrIWqmuO2uQWwl3z11K_BA","Pizzeria Antica"
"uQ1Ww4uGbuwpw1pCzkMilA","Angies Pizza"
"YfuL93FEOMxevS_ij8HyDg","Guys Pizza"
"z_vCijesFnp1zt9-sZkMmA","Mt. Nebo Pizza Roma"
"x2wfT_y8TgCfEHD7DSyL5A","Fox's Pizza Den"
"QCZwZLYHkTyYQDr6jdjKjA","Graziano's Pizzeria"
"XO8oVmObhdsGT1Blrby2-w","Grande Pizza"
"tXb1E3YDgB_13sb6wxXiQA","Zeppe's Pizzeria"
"Sor7bBkthOqvgwo5PLxRww","Ciao Pizzeria Cerino"
"iy-t6CyVL2g38wPFY4ac4g","Pizza Hut"
"gb0rMm9AxTz0aiERkj2VEg","Villa Fresh Italian Kitchen"
"sEWmZeYpzVSvZ8GPDcpFiw","Mm Mm Pizza"
"EQ-i1cvkycAQqAsMoQXduw","Nigro's Restaurant"
"OTWUYSpnNT9q18oep5WmAg","Pizza Hut"
"XNudJHO9xBElglTwqzhh_Q","Donatos Pizza"
"W2obVbo47pkggXu09KiZtw","Master Pizza"
"pr_A8tTVZyWmwWwNU91iwQ","Pizza Palermo"
"1FqQ0L--8sviAKNR97K5UA","Cerasoli Pizzeria"
"N6Fr3vPKY5gN3RBBmkZ7gw","VFW Post 764"
"FW6yrvZCSdBDz7eFmc4wnQ","Blaze Fast-Fire'd Pizza"
"f9Zexqhn3Kddt8H5OhcokA","Gionino's Pizzeria"
"2jkPvvf2TmhXRNvXY-Yhow","Georgio's Oven Fresh Pizza"
"a2ACZqoFUxxd-rXsAac2MQ","Uncle Tony's Pizza"
"BcLFIr4wtd3GQ3fnz15yDQ","DiAnoia's Eatery"
"RMnmALvhP_hzu-7iHz0EXA","Domino's Pizza"
"SvkZohb7zezIqef6oE14rA","Pizza Roma"
"9Ffh52DzvWG07wBJl5hpZA","Fellinis Pizzeria"
"sMzNLdhJZGzYirIWt-fMAg","Sienna Mercato"
"gndb2XMDHYI5OEDvwEKwaQ","Domino's Pizza"
"ADIfcDp9OoIWPoqKFatQHg","Bar Corallini"
"5dCJy5oH6ZHqB_7cx76DhA","Pizza Hut"
"Yej9s79KJG5r8_aDjJcVlQ","Angelias Italian Grille"
"-csPsaR5T0fsR-xGz7LbGw","Congin's Pizza"
"ZqP_j4ZTFSN5dkHYF0Lobw","Lupi's Famous Pizza"
"6_I6OKHIGpLuBdvnqtDuog","Pizza Al's"
"SXmVIiqItiHpacs1nnfiOQ","Farinacci Pizza"
"d8EV5R3pO3Dk5mJ5Rni8UA","Nick¡¯s Pizza"
"vF58mwG-9Bx67S6hxKZ68A","Frank & Tony's"
"3nDxqHvf7L5AdEAAeMaQAg","Domino's Pizza"
"FO2SNKF9I8mvTCAvbClJZQ","Pizza Palermo"
"K_dhs2cfsn4GBVd5EWtPXQ","Pelicano's Pizza"
"qp0UKeN7QkMPPZnx_vnOmg","Distefano's Authentic Italian Foods"
"ekABk6joRTZdQMX3Av2-Gg","Master Pizza-The Original"
"fUB_aqie86DKI2tTAkG72w","Pizza Bellagio"
"pSAoDrxX7Q5VRe-7gpDpOw","Spoonwood Brewing"
"Tdc2v9DBRRYeG2P_h9OvRw","Pizza Amier"
"6Th0vVjtlAlTE0cu-xrCng","Papa John's Pizza"
"UTtXuA_bPa0w24G89SKM6g","King Crust"
"C63sF-wG4f1doMIMv2qvOg","Cafe Porta Alba"
"ROeCBwuy5lfHUo8v0SMwSg","Stone Neapolitan Pizzeria"
"s_CFR6l-ecfGZ3tw16PJDQ","Doughboy's Pizza"
"AMWMEXmwrODR1X2G3V9Q0A","Delgreco's Pizzeria"
"muFJIZKZwbAfy_pEFKF_pw","Frank's Pizzeria"
"GBNBXF6Z4l9Y7TNnV_r_pQ","Romeo's Pizza"
"ot_dtez-8ngRgH0h2G24Gg","Monte's Grill & Pub"
"mPautiUsJGa4EsyY4ZCAqQ","Pizza Milano"
"by_MaktiYQc5oDPd1E9uug","Boston Market"
"pG7T6_E1kJmy56HhzsOohw","Pizza Hut"
"pAqgiVcOY5mPouuEW96R0g","Cattivo"
"fRqO2UFdERD4In_9_zO-dg","Angelia's Pizza"
"koqazXBW7wAZVry72u5vEw","Carol of Casey's Pizza"
"TSQ50CvhOncNZvkpZWQwUw","Backyard Bocce"
"hwiQp_Tkbyr8HasV8oUxvA","Falbo Bros. Pizzeria"
"ZZ21awWC5fw0f0Ip2lM8xQ","Barbarino's"
"PSDpvQJXABP4i-MP7mP4-Q","Dewey's Pizza"
"NlBifQZCNUAnbuo_wKIVpg","Bada Bing Pizza"
"pU8nga_kq7-21PJOUNR0fw","Pizza Hut"
"XjAb0mxgCtq96pWWJjUBAg","Buca di Beppo Italian Restaurant"
"anz96Ltm0hcw_wvlFM1Ihg","Elbow Room"
"ttRnQ4PYIuR_ptgaTT2g_A","Athens Pizzeria"
"q0PH5CjXSdmpL-LLgCNdeA","Ferrara's Imported Foods"
"zQNJwaWR1M1zDjLNVJiNEw","Pizza M"
"9DnHnAbd5sciiBHrQs7DJA","The Pizza Company"
"P_Sv7-nv4FhrfS8Byldnfg","Fox's Pizza Den"
"CaMwTEn92eJ1T2Zfr1xcnA","Mamma Lucia Pizza"
"mJ3KbEz2fEMTGXc30cz9Aw","Pizza Roma"
"Nuiy-WMpPQxMKQlpI0CxSQ","Gionino's Pizzeria"
"ocBfn9XvZvcG60djHui71Q","Papous Tap & Grille"
"DoWLGxBbR24_0r7mpGg__w","Angelo's Pizzeria & Restaurant"
"YTyAiyMYjJrsLqf8ErsRzg","Rudy's Subs"
"hbXM32Np33qJYmx8HUtXXw","Supreme Pizza"
"dvw21oJvQ4cZCaK9aferpA","Sonny & Jo's"
"_yKeTKNvXaBduAkRIS84Aw","Kafeteria"
"Nqs4_gT6nKyeTOJ_rgu1mg","Frankie's Italian Cuisine"
"hjo4IYguwprIJ16A8lV75A","Domino's Pizza"
"BeqWMUzFZCqz8na056XFTQ","Giovanni's Pizza"
"pIYXpJQUFvcy_RXylnygyg","Pizza Hut"
"QR2V_Iutb9tEoXVBYPo-Kw","Spinners Pizza"
"zLFxAncbXi4xADAvZV471A","Fox's Pizza Den"
"bFJ7deZsWKgFF1oyPIDP6A","Italian Village Pizza"
"mOgZ0U8hO_ot7mGRd6BFyg","Blasiole's Pizza"
"XggUqVcri5eth2_ZqILqqA","Little Caesar's Pizza"
"MeCn3G6ZOl40FPCJ70kplg","Fellinis Pizzeria"
"sjpsGKPABZDnABCv3wYtUQ","Rosati's Pizza"
"lFSF5XRwn-ibJLj5efDIjg","Union Pie Co"
"z7qIqoGjbb-CoIG7Z8KtWA","Fellini's Pizzeria"
"KAhavksKQwKbMzZHiNOyOQ","Gino's Restaurant"
"GnJwQObGXwR7Sly6Bul0EQ","Aces Grille - North Ridgeville"
"VOvcCzgnhyJ63r3Xk5gvpQ","Vocelli Pizza"
"hQMx2ZbGAa_oxJNpnTZf8Q","The Diner"
"bVt5eOVdpZzg83qlW9Rl2g","Monical's Pizza"
"oKLoaYeAjRhuXX73Dzw1TQ","Marco's Pizza"
"2d9ABtvEBcGCcN6B13Fy1w","Eighth & Hays"
"E4t43bnsfeOY2bv_8IPmSw","Prime Time Pizza"
"SsBi4mjcfsQJUMkyQlgg1Q","Badamo's Pizza"
"lTKfkTHuD0qRt6OaocI-pg","The Grumpy Troll"
"Z6ezEudsHeYzqKCj9vWUww","Marco's Pizza- Willoughby"
"cugTYtxVL2Q6Kkd8w4xMNw","Uno Pizzeria & Grill"
"MTQot6uazWb2SV3WABa20Q","Lincoln Tap House"
"5ZldgxED0PaudHqTyR1Q6Q","Zeppe's Pizzeria"
"3zq4mRDOhZ9Ku1vRQdFsxQ","Angelina's Pizza"
"zY5Y1rYbS_6zrs1s5Ea2SA","Rocky Rococo Pan Style Pizza"
"ynKAUSYi3c8M-rkVJI1PcQ","DiPietro's"
"AR9Lf9MIsBqc52qlyKIpcg","Villa Fresh Italian Kitchen"
"PSC52ko2A5xqOeVeDGIIww","Ciao Bistro"
"wBwXSItcxp2D5Kf8taZDNg","Bee'z Bistro & Pub"
"CS2oAjAiFrJiG2HUtKJUHQ","3 Brothers Pizza"
"v8qw502wtQEGpQfMhCVW9w","Trolley Stop Inn"
"txF4WKY3P2hF3i6VCRD8YA","Angelina's Pizzeria"
"Hew_aO1WsHAlRpaxXcbgqw","Rascal House Pizza"
"8BAQAHKFlstlm1APdM88nw","Zeppe's Pizzeria"
"-Rsv3qjpn46VK3pBiJxPxg","Rodney's Restaurant & Lounge"
"OPdjBa5toeaVsDlegk0-fQ","Authentic Pizzeria & Deli"
"ngg40YbkzvxnP6Nz3zsJ7A","Pie-O-Mine&Greens"
"Mk5ApDfSmV7Gl1_fOWB1lg","Freaky's Pizza and Wings"
"ZfKNMCmcE1Hr_iFgvZa7Vg","Pasquarelli's Pizza House"
"qdBYqucqfRWAPyfMFCnMkA","Farinacci Pizza"
"MQb3PUxPJKYNQOY7g9bc_A","Rocky Rococo Pan Style Pizza - North/East"
"SHHnB7GsNyA3y5dg-P-LMw","Luca's Pizzeria"
"ZliwQrjUnAosBLM8W_bsGQ","Grampa's Pizzeria"
"nqcpabHusqPmCoel5U6SPg","Franks Pizza & Chicken"
"xDvkcKDxB8qmVaDItULbgQ","Papa Rosa's Pizza"
"9OgQv2RAF9X1-uEnR78ZAA","Pizza Hut"
"Ell98LV4Yuc0DqZwGE8gWQ","Monical's Pizza"
"HOU5UUTb29yLmEz_0hteEw","Vaccaros Trattoria"
"ckZg3KVwR9FrAR1KtTavEQ","Amato's Pizza"
"SsmnTVANuQPPrG87uCXnog","Longo's Pizza"
"o75ipeJO4E0Pfvq39jwcQg","Il Burloni La Pizza E Cucina"
"VDGMgPcGFB6acVw1qEoooA","Papa John's Pizza"
"_xcDTH9G4LDqADfpmok6SQ","Pizza Hut"
"FY9RotRiGDYdgu6OohQfMQ","D'Amico's Pizzeria"
"LPdyvyMuL1YFr6wC258krQ","Bar on Brown"
"7P6Gm0s2rz9Xq4AmdXRqhQ","Ohio Pie Co."
"V2TaLceKiGwy-y7bAGzPuQ","Pizza Hut"
"ODlST50VSMzUMd0kmDpQgw","Buca di Beppo Italian Restaurant"
"jd1rD7jr-_zI46Oxh5lDLA","Antoon's Pizza"
"OhTsSYXoD4Poc14JrjIhBw","Roma Italian Restaurant and Pizzeria"
"lTG46zyVkZOk6RAR17kqQQ","Chubby's Pizza & Hoagies Northside"
"CUEPhj5zXB5dsJWjheB4Ow","East of Chicago Pizza"
"EWJbWp3oOwDsv4Lo5eZWxw","Drew's Family Restaurant"
"rk12aZmkYJGv-N6kFLey6Q","Luciano's Pizza & Six Pack To Go"
"g-AanVPrK8PEFC8322A4xw","Bada Bing Pizza"
"PZuxcxJW1y4-epEbfPh2QA","Three Brothers Pizza"
"Z6pNPcfT9Apkk-DE0Ent5Q","Meglio's Pizza and Sandwiches"
"QUQT8dvBqxFp4yO4emPTZw","East of Chicago Pizza"
"1e7rd3oC-mju1IYtUaeYUg","Lindey¡¯s Lake House-Lakewood"
"zluk4cL7Ch-uRlRply42ZQ","Molinaris"
"cxrmfEWXlkgjB7zocBNkqA","Pizza Hut"
"KX-09e63QEZ-yT5WLa9iTQ","Fresh Planet"
"as-kCNTeD58cdAFTTKcffg","Gionino's Pizzeria"
"l7A73zaNzDyWJJ0ixc2ymw","Pizza Pit"
"QcFZRiYVLFGTJhjJzPIJGA","Little Caesars Pizza"
"ZPAkg2phFo_p3U-QjvHVPw","Mama Santa's"
"eEeKRTNSHfbpG6E9VDnJDw","Milky Way"
"rUDt4_PHPhQb_NYu5gU5Nw","Omar's Pizza & Mediterranean Grill"
"mBkKChgOcJWd6KLFxAg2MA","Johnny Malloy's"
"JMp6kPOrnBp9HC_4SRbarg","Mama Meatball's Pizzeria"
"Gmvzwg739HcSDz7bb_5QTA","Rocco's Pizza"
"usFNFsaaHFxEbnBO4FaFHA","Piccolo Forno"
"VN8mtUnFhroAbdUx2j20Rg","Nikki's Pizza & Gyro"
"txVbZR1mAB6GL8G4Sx4KHA","West Side Slices"
"kKWkyu2Uuz27Amti-Oik7A","Reddi's Pizza & Spaghetti"
"j3NT-Zzrs8rijVhZf3FDFQ","Boston's Pizza Restaurant & Sports Bar"
"7Lgle1Ue5f8TT64w3drPag","Cafe Supreme"
"8n6rB_miqJnUx6fMrweY_Q","E-Town Pizza"
"ooinhDB9ORWrG82UFdEO4w","Donna Lynn's Pizza"
"QzDYO-lJhX-wh74z6ajI4g","Sanremos Pizza Restaurant & Bar"
"pOhX1XjbBdPoO2Fyy8RGJg","Geraci's Restaurant"
"Zd9VJFJjfaadaJmCMFv-RQ","Ephesus Pizza"
"FNVxEY0hgSGOm_lUHr_zUA","Papa John's Pizza"
"A3QS8dDcuWaNaTfTFCBNOw","Teresa's Pizza"
"MSrcYJoM9cNLS9-wfTZX3w","Highland Corner Grill"
"zBeUDwWx73QTZ34A1l0adQ","Vocelli Pizza"
"P6N8qIUlu2IEKr1_pdg00Q","Amili's Pizzeria"
"jCf84-Amxm91rbNAOJtAcg","Italian Village Pizza"
"le4fLtpLE3PdGnqRFr537w","Marco's Pizza"
"I5YF1kl3LCVM6nDeP8rUzQ","Papa Nick's Pizza & Pasta"
"t952QLgrh-5l1woJ4IFgUA","Vinny's By The Slice & More"
"2d9yZ11uVa83OEQWxe4vlQ","Conicella Pizza"
"WVaAKpO2SHBMp2PUhjekDQ","East of Chicago Pizza"
"RMEzxhYfpnEsWlfozit_xw","Ale Asylum"
"bsAnZ2OsMU9m7zj7old9fA","Doubleday's"
"s2hzc_rFWYY9_-4TfrFGng","DeGaetano's Village Square Pizza"
"VieHNwB0lXAHYYlT0r2x6Q","Garden of Eating Pizzeria"
"mo78R4hiF5JDcxpnLljEXg","Georgio's Oven Fresh Pizza"
"7KUbrldK58sIV1K43p5a2w","Chuck E. Cheese"
"eZkD1yUKQA6mAfBJTJPD6w","Little Caesars Pizza"
"qibYmQhLQ6E6HEwCcegl7w","Gino Bros. Pizzeria"
"tCVma1LcSnLWBRqJoTom5g","Napoleon's Pizza"
"YmWTejuNaIuABtkNZQV5JA","Arcadian Food & Drink"
"A3zUL3e0ae4M_8wDKCwmaw","Guys Pizza Co. - Chardon"
"njmcKc7_7evWjUcrutdRkg","DeMino's Pizza"
"QjAa1btsfKXKCorXeb20Vg","Pizza Ranch"
"WdANTNmPmuIpBTSTMsrw5Q","Antonio's Pizza"
"XdvsJSxRd8O5Kapad9xj7g","Sly Fox Taphouse at The Point"
"_6n27rKvvDiPzWjcF24onA","56 Kitchen"
"fYUS9YkYPccCx9eaYc9t5g","Stella's Restaurant"
"qfcdMhm1Ff28JHVpHca20g","Pizza Bellagio"
"XZD3EQrA6YIYuftRfxsD8w","East of Chicago Pizza"
"9QcNqAiTUNh1XAeCUgJ5pQ","Pizza Hut"
"oWlw9371cuPN-dQ-VEwgYg","Maria's Pizza"
"B6nhGEqt6rzXw6TwltTspA","PIZZAFIRE"
"fmQj7chzVaPJOSdBNFL16Q","Pizza Di Roma"
"SNtC3y4G5UzNnQ_zYxW7dQ","Domino's"
"wp44-LcNJCUnle5JkVXkbw","Domino's Pizza"
"2LVuwl-eH-8PYikyFmqcTQ","Papa Da Vinci"
"KLOE0WHdbTzF0VNs802fJw","Shenanigans Sports Bar & Grille"
"K5jY2W5Q3eNnwssV5UZtow","Spirit"
"JLQJVA4khqQ1LNWCJJHgGw","Panini's Bar & Grill"
"fg4tWjjvxUxBaMdKa0YAEw","Pietro's Pizzaria"
"MQBVyeLH0oGi9K92h-U_wg","Pizza Hut"
"MPioAPoOmQPts89sBSiFog","Il Rione"
"cKbPGglAjIGG6MeVy7n8XQ","Cucina Bella"
"mmPzI2wqydgfh7_hjORBMQ","Adrian's Pizza and Six Packs"
"w3pe_g0zqcRlGa-8Aw0cKA","Angelina's Pizza House"
"EB2dsz1v7px2C_dFXOV3ew","The Oven Pizza Co."
"cHEwqPrYvYGuES-dBwt3Kw","Freeport Pizza Kitchen and Bar"
"w73NcxMQmDsqVKu3zVSJtg","Illini Inn"
"haMsEBrxmfzmQI9aaEp7sQ","Pizza Hut"
"mY9tk1ZVMf9Zco9SaXMk6Q","Brio Tuscan Grille"
"RahdAQ5h6_nu50jeR2EKTQ","State Road Pizza"
"rHp5uQGjMKDzJBfUR6IkMA","Swinging Door Bar & Grill"
"JCdEeoMxmY-kBgIrjbvwRw","Panini's Warehouse District"
"IsM5JWNuN5dySu6f1vX1nA","Pizza Hut"
"1RgX-EAQrGoPMvy9ntEXsw","Mr G's Pizzeria & Wings"
"1zI3trw5QLNdypXBfudh0w","Marsella's Pizza"
"3Vj-scPmJtH--Wom3OIjEQ","Lucci¡¯s Place"
"AtLv64FV-Pw6JuT3XUKU1g","Gumby's Pizza"
"HSHDulGXCD6yG1R-Doeofw","Donatos Pizza"
"I1OI6IfSpRAEN9822s6aag","Marco's Pizza"
"sYMAijY2oRrd71KRHKoIDA","Pizza House"
"HC7XYU669ZXbE1cChU5U0Q","Mario Fazio's Italian Restaurant"
"2lt1N4CJ5nWf4dZTyTONhw","Samira's"
"nJktGdlCdrH66UtlADlWJg","Amano's Pizza"
"Obr2u2nFUxhFH25be171FQ","pizzaBOGO"
"nDKX55KbERSd_KzYHPgEdw","Gepetto's And Johnny Malloy's"
"Km8UIy8hjWNU80IZjhQ_yQ","Flavors Famous Street Food"
"jnrSc7prfAITu_6wJNYr6g","Pizza Hut"
"ix-CkoFcqTX7hi62ZqGXJQ","Angelo's"
"jTlcLfsSDGnHcbjL1aD9Zw","Forbes Gyro"
"EW90_lZ7E2RKT9Y-NGSVMw","Rosecliff Tavern"
"XQjigVIJSnsXXUP1igIeEw","Bomonti Pizza"
"ky0cUgRt1Bye3cxgxXpgYA","Fire Station Pizza and Pub"
"78g3rIFPysoo2SockVvi6A","Adrian's Pizza"
"9R5HJYxWadtirp3Lv9Di9g","Carhops Sub Shop"
"4A6AY0B0cSnymANGehmOGw","Uncle Als Pizza"
"Xs2MWO1-iNmX6Okf2UUUhQ","Pizza Hut"
"HgSsIF4PpESGUMu-rNPg0g","Oakmont Tavern"
"k7WRPbDd7rztjHcGGkEjlw","Tillie's Restaurant & Chantillie Lounge"
"rSAg87gLy4YPWMJ_zMBn-g","Biga Wood Fired Pizzeria"
"ZYof0WYlilJ3pgWNSgmYKQ","Pizza Milano"
"BiRw5ExcgmZPZYyc9TOHjw","Pizza Hut"
"ydNQHa6kiJXQuRnjhULITg","Italian Village Pizza"
"r6xN1mY6l00AuJvzQssrcg","Marco's Pizza"
"hSU3MbB9Yu8MlybxfmABeg","Maxi's"
"Pj8n8jDPRdXi7RdOABJkWA","Amano's Pizza"
"IXJ5sfKnsGu6drrFUceQ5Q","Time Warp Bar"
"q4P3WHwC0lFafwvTlkKMIw","Ron's Pizza Palace"
"J4rAOVQ9PCgm5NP7ZD9lMQ","Vocelli Pizza"
"p4t_COtriqckF35I52958g","Vocelli Pizza"
"QvCTNqb4NxxndqfZXvsZmw","Moc¨¦ Cafe and Bar"
"KNvqTNhpCq7Sshqzykx9QQ","Folino Brothers Pizzeria"
"h9jF_8nSI8uYU7aTIkaW5Q","Zuko's Pizza"
"Z5NhdlLCu--leud_OLcvIA","The Pizza Company"
"jBhRphJtQahNTWwFt7wlrQ","Napoli Pizza"
"5vD-H0-oB46o0GZ-z2W1rA","Maria's Pizzeria"
"q_IrYzYP89MUq-18oedTJg","Jet's Pizza"
"4DtGWbPfvfIL7czgBLPcXw","Toppers Pizza"
"dBxWXdJSz8-VDrtUyEPfJw","East of Chicago Pizza"
"i_P956uzUeur0q8vRUStkA","Brothers Pizza"
"OOaiDUh2zF3OmmzUeXKiGA","The Woods Restaurant & Lounge"
"PWGtzvWV5r9J9RzhhzCbMA","Maxim's Pizza, Food, and Catering"
"qkDlRkNfrXE_4t2vMrTo0A","Paisan's"
"FRMlchfr02tne1qPe02vzQ","Noce Gourmet Pizzeria"
"h6JacIFzb9jxFpKpgsGuuQ","Pittsburgh Grille"
"AJr-JQ8oiZQIDur8raDpmg","Gionino's Pizzeria"
"gRPDzmMU_0pQo7LyxrZ2Lg","Mitty's Restaurant & Pizzaria"
"4svZRamnXS5aFatqggQezA","Pizza Capri"
"dK7sFWvfEQ0Anuz7ch4t8A","Pizza Bella"
"fJumi8Wojnw-2CQ6hn2CJQ","Papa John's Pizza"
"kolFb44M7k9c0-tZL2D_Cg","Sunseri Pizza"
"g_oOjzFgqmSEAD4crxBirA","Jimmy John's"
"R19oiRejCcgRzbeYz2UQig","City Oven"
"gVr5mL60az3_rxjJwRDN9w","Blue Grotto Pizza"
"5J-g5PTfTEjvsnrFmTg9mQ","Dale's Pub and Grub"
"NAC9EeTWBkI6yG5NV1XdBQ","Pudgies Eatery"
"d3LrVz27kY__1SGZ3Zpqfw","Rossi's Pizza"
"TwZL8gjnAJ3DXXnyu-McHw","Fellinis Pizzeria"
"kPr9rYEkGwbRLgUHvKljQQ","Pizza Brutta"
"LCL2-eg9k4lTZhZLDiuDQA","Georgio's Oven Fresh Pizza"
"7K8XwCNaNhYYpg59DQqguw","1815 Tavern"
"ocZv9DHZaf9tkJyzxL5tbg","Pasta II"
"rXrXkZMTH--ez4E8oHhJIA","Cosmo's Pizza Murrysville"
"xjViuMrrApPM6Rnz8ovOVw","Chuck E. Cheese"
"fZ9NN2JDnoeFNOr9tAaUbw","Sartinis Pizza"
"8wSccCMGNpx2j6yGVraE8g","Rize Pizzeria"
"sbMWVy6V5olsfLejXwgX-w","Coleone's Pizza & Subs"
"yMjBSQDldMVlR8E7wY0NUA","Bruno's Pizza"
"XoCXrplbH9dQkZ3IV8KKOg","Pizza Hut"
"mpu9vXwm57D3IKuLn13zjA","Cecelia's Pizza Kitchen"
"xly3K2HgsjvZs5Mu9kSFxg","Bucci's J Bella"
"nwNdRUbU0_JnISxvdDfWtQ","Little Caesars Pizza"
"jz4_9phNSZZeposIeJ56Tw","Falbo Brothers Pizzeria"
"hx-wUVCwIDyf_Yv2ZcaMfQ","Athena's"
"Da0c8BkSx0gxk5HwoZJiYQ","Corleone's Ristorante & Bar"
"NylzsZ9pSn4ZNuGMHKSYPw","Neechi's Pizza"
"7j4JCwpULz9oYb2eQb2dNg","Capri Pizzeria and Bar"
"vL3XjTg0ls_7vBTYpvaLVw","Leone's Pizza"
"6UmitP6emIchTUtax80eBw","Antonio's"
"xhIFWOW9MfwWzW4tUK-jdQ","Arleo's Pizza"
"wgImSrYc5LOcFaMcbOuxkg","Domino's Pizza"
"UuezOzEBemKWDOrZFjM1BA","Ten Pin Alley"
"09E4gjiUN_nSqaTprCLD9A","Pizzutti's Restaurant"
"h65WzyYGlBEiCQYKHbRtLA","Nunzio's Pizzeria"
"aaJ-RaUdHyB4R3U4qNbRBA","Lovely Nails"
"Vf-mInng89fh3cwk61x6AA","Geppetto's Pizza & Ribs"
"p9pWB6jBF0B0Lk7mBEGUPw","Little Caesars"
"vVDJEs47RMDBHL3ciEzHSA","Peppino's Pizza"
"KAzoP0Ed6ep7Udui2CubhQ","Gionino's Pizzeria"
"EfEa965NrYsNBTc6EFNSvA","Pizza Moena"
"Sh7ok5ymVZhFZ7GJXb6Ybg","In-N-Out Pizza Cafe"
"XV-wZ7gvoixa2AYSr1EevA","Fox's Pizza Den"
"RThuRlhMdowhtY8vITEIzQ","Mineo's Pizza House"
"lQ6sdPvGsmGJHZNx1LGbdw","Circle Inn"
"0qsarzXaZau8REdE0rToxA","Angelo's Pizza"
"A9rIqoqp5OO_56w82PiHEA","Pizza Ranch"
"YTThth5KydoD7GfC1dmJ0g","Pizza Hut"
"P3LC20iTwxv7CicqgNUXzA","Captain Tony's Pizza & Pasta"
"zFl1EKiFA2TcW8q9Uvt8DA","Tradesman Tavern"
"3ZQxw4vY0HBuS7KeiWmyew","Selenti's Pizza"
"46U2P2DTugoUjV1Y1JnQlg","Gino's Pizza"
"RiScY8vqr0jVInlHZNLPig","the pizza company"
"1KRnx1P4gYlkpmezGTERaA","Touch Supper Club"
"_QkGfsQaQbuyUf-hy_2muw","Original Milano's Pizza East Side"
"3F3At4YBSHEnG7uMinQPnQ","Vocelli Pizza"
"jXEDeHZu4h8zcBOqf__CPA","Rock'n Rollz"
"Wy22f6GIK_L00NmTv2LpWg","Pizza Hut"
"MPbzeBX4f98CgK0ih1rLVw","Bulldog Pub"
"vKYpxfU-51z-pc16wrGVng","Stone Baked Pizzeria"
"p_o19-gYFD1ewixxIV_HAw","Pasquale's Pizzeria"
"OSLNYVnB69k6zO9jYzRPuA","Pizza Decasa"
"-LiVt5oFhC-AA4nCH77DjQ","Artisan Pizza Company"
"Xra1TtWtf069Am5hHWs3Ug","Pepper's Italian Restaurant"
"41f1utKc483Fw4mP4AFfJA","Casey's Pizza"
"EAk6sFd-fAEA8-4JgFhHhg","Pizza Oven"
"doEpdTg3l55-IWemTlG3tg","Jimmy John's"
"gu1oYu_fCAUyxe2X7DDw0A","Jilliano's Pizzeria"
"C6jKwYmzHztO7OCex9j-YQ","Mia Pizza"
"X2Lb7fTmuyXwU3O19F5aZA","Pizza Pit"
"hDi7cCBMKKIJq5gI9UvYTQ","Mama Pepino's"
"XWNbd_RDR4lIzf_XlnUqpg","PIZZAFIRE"
"gcr5J-7Ql2IzbK7JSYfUZw","Guys Pizza"
"7NhLscBs-Cj2DfPyVdGrqg","Domino's Pizza"
"xgZSjkCv7ZiTmtcHMxZDxQ","Cicis"
"FvXZcRB8bocNMDvFUnoWhg","In Forno Pizza"
"hcKl9pAuB6E6ndh8anbgFg","Sapori Italian Grille"
"V1i0RczFgQHZZtY4a6AONA","Sports Town Pizza & Grill"
"3z6gQVDbWuykm-a8R1YyJg","Captain Tony's Pizza"
"G_DzKLA15CTjq5cOkBp0pw","Pizza Hut"
"RhOOoME77gbYV3ZVXfqAkg","Perfect Power Wash"
"j355XjMOiu4WN14dfe3eyw","Talerico"
"HnjC5IFyj8q16bj0ed43jA","Domino's Pizza"
"qeJnMI5RmyJ2TZvkqvjn6Q","Biaggi's Ristorante Italiano"
"Afy21WseiOnQedblqGGbZg","Oven 51 Pizza Bistro & Bakery"
"3fRRzgNdmGS4F7FiSBtRKw","Ollie's Pizza"
"X4QbkHl7pOTVsgLa7XuUBg","Blaze Fast Fire'd Pizza"
"OThAF-lt6d7jY-pB1ajWPg","Jo Jo Carloni's Italian Restaurant & Pizzeria"
"qFcK6gv_3kF9Cnhw_cuePA","Mario Dicarlo's Pizza"
"94bJeFgj0w1Y-PexwSJOHg","East of Chicago Pizza"
"z8MnefVbAKcIGN7BwDullA","Domino's Pizza"
"c7ZTyqSG4v4ZVwK3vuDklQ","Ian's Pizza by the Slice"
"G6WGIx0y85tCI8wCxTFGXQ","Monte Cello's Pizza"
"IOxRbnv2YnLtErYY3TrU3A","EuroGyro"
"7WAeeunp2p8sSq44_TMxtA","Papa John's"
"Tiy_skxHMvNCpyzAIqv6qA","Old Chicago"
"Tc-u6Gfbe78r6cUqWi0AzQ","Pizzarella"
"qML8HCfDh7vmIxvbt1QgOg","Cicis"
"HhPVzZYQI-akaXRK_A4dKQ","Del's Bar and Ristorante DelPizzo"
"BJz2p9TJ6t9Po4TT0GeHFw","Rennerdale Corner Store"
"kL5LI_GYZJkkP73wl0Qtlw","Portofino's Pizza & Pasta"
"wP81vT6eLWS1XRCKA3yENQ","Papa John's"
"hZjmoHvx4cgHrauNWBgaqw","Monte Cello's of Shaler"
"0tn7GWwao_BhZJeTWkwcQA","Vincent's Southpointe"
"NKQ0kQmwVHXoE_50AZdGtQ","Papa Murphy's"
"KNIIl9Uhlsbq1aQjO_HL7A","DP Dough"
"XM2qN3PiQbfSYo6zmHgSlQ","Gillespie's Map Room"
"Dr-K3bXCtbNAAbiKAde3Sg","Mangia Mangia"
"j4s9X08gDTZH3MwcByfCHQ","Pizza Pronto & Gyro House - Avalon"
"Tby8XOCjmqsPLwu3nI0VOg","Villa Toscano"
"2Z6-egGY-_W_-GLy3df7-w","Tommy G' s Pizzeria"
"9HD224rVyahrfg9SNe5SVg","Aprimo Pizza"
"mKT30qU_MlLj4Ps82JAZ8w","Uno Pizzeria & Grill"
"w2xwgqHM7dJlHfyu4ouhBg","Azzip Pizza"
"80544c9_y63PfEi9DgjtoA","Pizza Hut"
"iW0_acsRQtjlpE_8O6l1_Q","The Roman Candle Pizzeria"
"b2HPU7h4sjQ9Z0tBvvl08A","Pizza Express 1"
"WvunDFSs2hJrPHVFqB6Y1w","Brothers Pizza"
"6XhlgvpC5dgIgKITz2024g","Antonio's Pizza Macedonia"
"oxBIZ7SpJBN42aEyznfnAQ","Gionino's Pizzeria"
"-WCGJuDoq4yAm58DQpl14Q","Big Fella's Pizza Deli & Wings"
"IgK6pMqEJ7vQS2-2qMl2vw","Pizza Bistro"
"3Cbl3_Lm1ahwxbBvq--rFg","Gianni's Pizza - Hankey Farms/Oakdale"
"SIuQJNTIi8uHBU4SNvJroA","Guys Pizza"
"DF173DJmYY6NqWa5SSiK4Q","Luigi's Pizzeria"
"Xav69Sc4bw2go6xm1UET5Q","Max's Farm Table"
"cRhpPFn9IvhWjGDADRrpEg","Verso Craft Kitchen & Bar"
"EI1JbmO_Le9u3qaYJtlMjA","Black Rock Pizza"
"55mvbgbkBT_jnlpoetJifg","Uncle Spike¡¯s Pizzeria"
"1Bc4KYox4Fux-aLV4OfFnA","Shelly Pie"
"QciuUWpJwzRA52RV5YnxzA","Panini's Bar & Grill"
"CJvN2k3gjR7JspTx21icTQ","Crust"
"SsAWv3zA6lvLOYMfyaP3fw","Pizza Connection"
"gpaJYV8IT-oT9wOt16BlSw","Pizza Prima"
"F5Mh9ufSdE1P8ZZk6wzn4w","Zeppe's Pizzeria"
"2A9gJkmWbBVoh6kK0jDlxA","La Pizza Bella"
"ZcYBeh-_ubSsZLJA97PSLA","Mm Mm Pizza"
"6ijZO9TWdl6lTLqe5G5XWA","Vocelli Pizza"
"SuMi4hxed5qk-M8IklFg8Q","BJ's Restaurant & Brewhouse"
"qjWiqyYCiEUnmb16TlDIyQ","Bellisario's"
"IFaRfrlwhQo4gILB0wmA-g","Original Steaks and Hoagies"
"9ySFD8tMkeuTclyWfanI9w","Buck's Pizza"
"vTwlpCfls8qT59UsSHYFQg","Slice Pizzeria"
"5HjmnWOtBYAYW-jjdZ3aKA","Gianna Via¡¯s Restaurant & Bar"
"beb_QLcQySKwYFPyVu6eJw","Pasquale's Pizzeria"
"7HFRdxVttyY9GiMpywhhYw","Zeppe's Pizzeria"
"w2PaVG54dY5KQKtNJqvYvw","Little Caesars Pizza"
"TvhpG74DvdoF4MA0vLlOLw","Buck's Pizza"
"ywX-cS9kCCGQr-_UKDcqnA","Pizza BOGO"
"rJsMwuJmIABOz5KqaDFEmg","Lincoln Avenue Pizza"
"w67o_AhcSU_fjVOTlbquXg","Gennaro's Pizza & Pub"
"S7FgGl3c4hkRFQKMjLt-Og","Mamma Lucia's Pizza"
"52J2qJTmfy2NWnQKiUgYBQ","Blaze Fast-Fired Pizza"
"Wdy7J_EOL2lvDKSscdQ4Pw","Black Rock Pizza Co."
"8mbKCukydyekK0d4ZHVI0A","Toss"
"NVzyNCSHRbOe0x1A74I61w","Westshore Pizza & Cheesesteaks"
"tE4H7SuEBCdF8O-BMAAB6g","Papa John's Pizza"
"bOwvJUb8A9MekXsK_SrftQ","Mineo's Pizza"
"zJ9NdZoehzdURLEKUKcMIg","Pizza Romano"
"adJc9AzAa-kM7PJFulokQQ","Veltre's Pizza of White Oak"
"cRx3YlYMEp42Dlo347vC1g","All Stop Deforest"
"D3YLbIsh7vCx01DcPnnt0A","Pizzeria Primos"
"PKjdnTWQSygpOjlWl8VzrQ","Whistlers Kitchen & Bar Wood-Fired"
"7yjfcioE9qMhrk-zlKu0RQ","Fox's Pizza Den"
"wA2xaBsT8d2opW_jYe1XLA","Danny's Pizza"
"mnqGWXdqBq73_exmNOEkwQ","Pizza Hut"
"GN1MQK04zcS32HbY5Y0Vlw","Top This! On Brilliant"
"KW5qy8mKBpgd2xL_5w7Mzg","Topper's Pizza"
"gu_yLQWygwzkwBOCpSj-Kg","Azimers Pizza Place"
"udl3Dd4UrUEEAxhuDwnmdw","Woody's Little Italy Restaurants"
"0PtNw7RgF4JFcPyP-LqZ_Q","Joe & Pie - Edgewood"
"2To5KDQepjSUpdA5oPPRog","Cestone's Pizza"
"7To80B4ReDvRewEmLhUrtw","Bada Boom Mentor"
"BoTQepQTjGbTXA4g4Hj-WA","Antonio's Pizza"
"_TXitYmnPDmZCWOPFl799Q","Romeo's Pizza"
"veU3mhOn8kF87VfE_JvKlg","Grandslam Pizza"
"dt09TJuvnZR6dRd30CKNaA","Marco's Pizza"
"F32TBGo4dVLYxsgllAUQ3w","Speedies Pizza"
"MuGSFckqsMI7mSZwTvsHhg","Papino's Italian Restaurant"
"laERkVWfXVeQcjMSNe65SA","The Double U"
"X3-dI5LGMdv6EQ8OLoOU9w","Casey's"
"SV8y4bp5HmgURzvUC2Rs9w","Pizza Palermo"
"Een2yret0IwJUpHLwcxtRg","Arancini House"
"QtRgDAK6k0JELN2_hi0ayw","Papa Murphy's"
"XS54LVTjWD356RK0b4NzKg","East Coast Pizza"
"Lrn9Yk5dmLrYJMVvQT_CHw","Strada"
"1m4zUU1cioq1tKLiLvlDgA","Rob's Pizza"
"GnFvPN1sCMbho2ItzuPemw","Domino's Pizza"
"vJOwJQF4sDqBbecUK4cVRg","Kinneret Kosher Pizza Restaurant"
"i8RjMsoLoi8kJwWKhFeOIQ","Mama Lucia Pizza"
"VsLcYJHIat78FUyP08GusA","Boston Pizza"
"5OV1bavavdsYyfeBRNiOeA","Osteria 2350"
"EOo2My0Wt-h942RbNRzEFQ","The Pizza Company"
"1POxn1NDKlH7kvWQqmP6Yw","Crust Almighty"
"fxZOOJtT6Zau7Asmppigkg","Potenza Pizza and Pasta"
"XvyC03LtX2KPF1Thoa1HQA","Stello's Pizzeria"
"pjG0x0xAyaq92KP8ycg4jQ","Pizza King"
"osaAof7PCiXg6GRdUjL6mQ","Sittoo's Pita & Salads"
"pzLXZ0qeiRilQ3vM-gS1wg","Avantis Italian Restaurant & Pub"
"WKlMFUCGI7dCysGkFLWvaQ","Stagioni"
"gFsiHkTKeQ3Vt0o3Bs7oXw","Herk's Pizza"
"AzQHjhUMimIrFVCGgy1QaQ","Donatos Pizza"
"lmrk1uiUF2XpGIOMoSpcsA","Marco's Pizza"
"YnvUFIZVvxsL5L4PEmWcUQ","Joe De's Favorite Pizza & Restaurant"
"yW9pRzWyDQDIcR8bXBsYtQ","Beerhead Bar & Eatery Concord"
"Iabd_rGdOvdpySBeluFs5w","Cardello Pizza"
"w_vkR8qzclBU15ygRc8jfQ","Marsala's Pizza and Ristorante"
"JUiIEt5wW7ImwOdpEc-r0Q","Mandy's Pizza"
"PjOobIUE5onVqU_t7gskrQ","Garcia's Pizza In a Pan"
"pGEW5cBfU6NALBsONrUj7Q","Papa Murphy's"
"tYFUYHUdwwP3dGjmeHFuGw","Domino's Pizza"
"CymM3BP68hGigBK_5ap58A","sarita a restaurant"
"1IuHLJ_OX-5bTVBSPJBlEA","Pizza Bogo"
"trioKWMz0NsM9v4cqmUQkg","Vocelli Pizza"
"LDhN6xxOvvC0aQEo6jyO3g","Filippo's Pizza & Italian Food"
"k9pQa-48qARibpa-Yf0xYQ","Pizza Vesuvio"
"v61dL5IvtgMwYBDNopvPYw","Maximum Flavor Pizza Shop"
"Vh_7bnBfhePLw7obsuK0Lw","James Street Tavern"
"wYu0UtELaqY4FE48PWl4bQ","Master Italian Pizzeria"
"rvZ5PwoDd7gfCQie--066w","Nelly Belly"
"JOCmhCid7QH1478S8KboDA","Lucci's Pizza and Pasta"
"BsJtXNytI6vD-DWyelx39A","Geppetto's Pizza & Ribs"
"815I4_qtNd9Whd5joLZhAQ","Gino's Pizza"
"NIvup8P7CJciTtjJG6SUKA","Art's Pizza & Chicken"
"lq71ZTkANfb40sR0DAs6Rw","Pizza Hut"
"KHjexQXS8ygLNy8pSRCZSA","Red Creek Bar & Grill by Zappitelli's"
"K4kULMcPWitiKAwmk90dTA","Picasso Pizza & Pasta"
"t7tYRRfp7gz-nwX-gXic4w","Chuck E. Cheese"
"b8iHKolCsC4ZTM8X9-L01A","Pizza Hut"
"e8ndZ6RV5LzFWycIfUotvA","Grindstone Tap House"
"kLlRna6PY7RudArg2GU1FA","Marco's Pizza"
"PbOQlLSloU5Zkpth5I3cjA","Vocelli Pizza"
"soPUpwqle3vkM1gl8Fel6w","Home Plate Pizza"
"hqf_vF8G5F3pYBwCb8c5BA","Guys Pizza Co"
"I_P9XrTgMhlt6wnUQDSKlw","Big Cheese Pizza"
"vDbUrvYg7TBPVcShPlasFA","Fiesta Pizza & Chicken"
"-fTO9qRo70bblJmbNxOnag","Giorgio's Place"
"fLpzBjIoQrCYaA7svKiJ9Q","Bucci's Brick Oven"
"9xjAQ9VlK6e46xy_iLzXqg","Kavsar Restaurant"
"hn0Tk2jY5lsCAa9IGLNYQQ","Great Scott's Pizza"
"soIfkcfwujR-Na1lprr-XA","Breakwater"
"_tU0GA1j5Oy_zJHf_tLfLQ","Papa John's Pizza"
"V-_Kh0RtKcKdQ0ON4eVQ-Q","Buca di Beppo Italian Restaurant"
"LRHlcXcNERVsekrngMLphA","Pittzarella"
"Hg7A3RVz_J7PHGmEqPOsxA","Mandy's Pizza"
"ZPm6lZlNO9iG1_v0GF_Gqw","Georgios Oven Fresh Pizza"
"bq0rAR_-WDPHe7QE7P51WA","Papa John's Pizza"
"YaX-5EbBsdHWbNfdRCtAUg","Pizza Hut"
"fRNRfDhb3VyG_fcQ9QaNhw","SYN Bar & Taqueria + Pizzeria"
"MB2qGlxN-t7OE6qSHAvp0A","Pizzino's Pizzeria"
"j6BfGByroCB585NPUnIHBg","Conca D'oro Pizzeria"
"guGPP-3ZsXdLNjtZDnR7tw","Hog's Head Bar & Grill"
"fzGs7qL4TaQuhogiZNcpCw","PIZZAFIRE"
"qpm0gm7SdsY2LnvXzQb_uw","Jo-Lynn Pizza"
"ckbDWYPT8TP7etP0WHU2Yg","Blaze Fast Fire'd Pizza"
"IqptawZEwei9CqtV1cRsgg","Marco's Pizza"
"T45qonnG40PTVex3Ua2Q9w","The Porch at Siena"
"COszO5BlwqjRbZ_IUqExZg","Little Caesars"
"QgSItR6wruHOECoebwpEhQ","Geraci's Restaurant of Pepper"
"AY_fNztmf0dYpWDzQez2DA","TAVERN ON 42"
"abA0s0uxoeOn7zNm-1dDxw","Mia Za's Cafe"
"RucrUwlX6hvGlUOrakViYw","Baldarotta's Porketta & Sicilian Sausage"
"PcpfOJhUC_dFFVG1o7waDw","Marco's Pizza"
"c6v-5BHqJs4BU6sATgeAag","Marco's Pizza"
"ihWw0eSKMQfO5cXLFS5itQ","Homestyle Pizza"
"gXzQb8auHnhNxJ9EF2F-tA","Domino's Pizza"
"JqcYO5T8OZ8ukDPMwAzu7A","Calavittas Pizza Time"
"fCkvpPqOziXHHu-f8tbeZw","Wiseguys Pizza"
"ZedwJdX1jQ7Hw1CzU3VDLw","La Pizzeria"
"rlDuAQgXTnVcdFXeEiE53A","Antonio's"
"TjAdRp37EscR8y-4M2m4bg","Papa Murphy's"
"xw2mHGjTOs-VheN8707czQ","Bronze Hood Lounge"
"5hQWbYVD3Q3r0for-68Jfg","Master Pizza Restaurant"
"5m7dxSzkOylxzX0disComA","Master Pizza"
"3NuQdQQdLV9de4GODl_cUA","Hail Mary's Food And Drink"
"mA6t4HMKK5Hrqua9CIAqEg","Fanucces Campus Pizzeria & Pasta House"
"lJc5WljtIAI6hBqzKbn_HQ","Vocelli Pizza"
"oS-xaHI0FLjfEzHuuL4GKw","Rocky Rococo Pan Style Pizza"
"5Lg32W4NdRO0fBx0sAz8zQ","Domino's Pizza"
"6ObhHav156dwof2qHvUj3g","Subway Restaurants"
"41LxL4cESUpvenFmcdwm0w","Angelo's II"
"jF3zUwEWluI2ZPzkke9mXA","La Bella Pizza & Pasta"
"jYXTRxOkZc4cl9Dy8LnsMw","Domino's Pizza"
"96IRzRcQcQufcp8qC7927g","800 Degrees Woodfired Kitchen"
"AKQbrvRBZvU5kB9Ut4gVkg","Pizzaiolo Primo"
"Ie00N1yErrmaOa44x5K8kA","Itzza Pizza"
"oXFRaSgcT9GwCWfC9lf8dg","Pizza Italia"
"euxQLuOeFIfsZWj6PmHp7g","Pizza Hut"
"6o6XxnI8RWhnAVSdxqCJWQ","Jet's Pizza"
"g9ajRV7MtQNUrxuRlPvuZw","Bistro On 130"
"lAarf-sDnHyADXXr1ZISEg","pizzaBOGO"
"fmv6aWk3IJE-gyEr6ZfpTg","Fox's Pizza Den Robinson Twp"
"dhRF2j_QeZIE0qPnvXc1Ew","1000 Degrees Neapolitan Pizzeria"
"MtuTHUe0lXpPRCMogGXMgQ","Uncle Al's Pizza Parlours"
"UkrULFvq5y-bJoqBu5eI6w","Scott's Fire and Ice Pizza"
"KqZRO_ZdCQ40fGrMsUow7Q","Linden Grove"
"zWdO_P10pQlBKL95gYC_iw","What's Cooking at Casey's"
"W2Vis19kUa7kP6GkSvJ9zQ","Olde Town Pizza House"
"bT0VajAEHAE8s-EMk_w2YA","Johnny Malloy's"
"x8-MzrVwJCwzqoACL21AJw","Pizza Di Roma"
"5x0yRV0ds9IN1ZIlo3XJ6g","Pizza Hut"
"VI_8Wsx9ox4KeIrERgQyrA","Binali Pizza"
"n9PgccTPsLxgYL6ZCkxDMQ","Pittzarella"
"XIvOboURyF-hE3truQjdqQ","Mama Pepino's Pizza"
"NjY4TcK-CPrbOVlHdfP2Ig","Pizza Pan"
"K2lscpx0S9wpqNz0s9AIwQ","Giordano's - Champaign"
"SkxDv7IpQWu8xvIPK92PuA","Little Caesars Pizza"
"uEqkWCzfywBb8hCHhTquIA","Il Pizzaiolo"
"f4zzN6a1-E_9NsUXhwcfNg","Zappitellis on Madison"
"J4F3-Ge15fKTasgJVuMLNw","Papa John's Pizza"
"by7BOr074_BKz7hkRIi9WQ","Sammy's Place"
"syP9qsN2-TiMbxh2zv1_NQ","Papa Del's Pizza At the Crossing"
"2hJNAFFy2qOqmIIKFjcw9w","Bella Pizza"
"cdpiHHignnk8hVcPEiYzMw","Mama Lola's Pizzeria"
"yStT0Yen34nU5T0XZpmfnA","The Breakwall Food & Spirits"
"ODURDhURWmZr6b--O4nt3w","Jupiter's Pizzeria and Billiards"
"yiN4aDHeW0kBvZQE1bYTLQ","Buon Cibo"
"BUz4cv0BqwLA4Vrptp1OxQ","Sharpys Subs"
"VGKq16vCdPPHMoryy6XTHg","Natt Spil"
"4zvk0UgW96k8FfhpJMKFPw","Hungry Howie's Pizza"
"0YF6uMohfi6rVRPRfrjWLg","Romeo's Pizza"
"lo-GEcfXVGrDSDLtR5gI5w","Veltre's Pizza"
"YhBigRwAFdRPIQxWDjZOrQ","SLICE on Broadway"
"WBay6AZsHMExtMQsRc9-bQ","Mellow Mushroom"
"gd3f9uJN7kmGOD-lRpPBEA","Domino's Pizza"
"zd0vGinVKJWnKzP5dJAWYg","PIZZAFIRE"
"hNCKIrMJSacjMiWVwRb_YQ","Lotsa Stone Fired Pizza"
"Ffd7S8tVzeY_MgsrZtW7kw","Papa Jimmy's Pizzeria"
"FiP7mCGs-qelOSmapmbt1A","Fiori's Pizzaria"
"766an49Zcv1u6IR2jCx2SA","La Felice"
"9_B3nY3KlHW1WDvOeMk9GA","The Other Place"
"7DHR5jNMtoWTvf1Zuos5Ng","Pizza Hut"
"uJxJFlIREuo9HrlfXJFsyQ","Pizza Roto"
"fFELstxDIuLUZ0hYaOLxdA","Antonio's Pizza"
"2jau7OtoplE60-o2TIn6Tg","Roman Candle Pizzeria"
"76alt0vW6JuiKhVxAcoOTw","Pizza Hut"
"_xynpPYhVYDQRtt69sw3sQ","Pizza Care"
"7HQJ8q9_p9OR3XLPBH1NGQ","Little Caesars Pizza"
"4cHJ1PfvCOsXRHuhzOlnLw","Genoa Pizza & Pasta"
"u40rP9Fk4KWSluX9mDWiWw","The Brick Oven"
"wsHuESTgmZfmI5YMXAMEhA","Augie's Pizza"
"VXKIx4WUGw3jNad0BOcFYQ","DeMore's Pizzeria"
"9bxcpud3GREFOxKY2cbheA","Verso Casual Italian Bistro and Pizzeria"
"cJREFoHP-dAYmwDzfWOHbA","Italian Village Pizza"
"JY8ZWHSaky409ORBUUyCXA","Lorenzo's"
"-Seesl064xCp_FRlG35dbQ","Pizza Fusion"
"mUONuCWBKukMO2uyVxLY5Q","K-Vay's Restaurant"
"rwKqYbWkseELVVSAZ3ogpA","Dom's Pizzeria"
"Zz2AwpjN3HA1-L_XUC5R9g","Driftwood Oven"
"SgwMaS67XFl8OWgm_Rkyzg","Romeo's Pizza"
"sCGsLgDuxgnR0I8lJRp5mg","Domino's Pizza"
"G-u14MaU6ymd0gZoNX3mAQ","Coda"
"iVijDgb-EHrG7oXsyT0mCQ","Antonio's Pizzeria Loschiavo"
"Srl3TFbOAfa-9_1m_wK6xQ","Nobby's Pizzeria"
"A0b7qkj-69ikXtcmaVqIMQ","Ferrari's Pizza"
"O3xV-JbpJKpZOi_3SHxNrg","Georgio's"
"3R28YY7Jw_EJs0-X8qDArw","Ardolino's Pizza"
"7BZgV886BjH-1x2CixKI_g","Happy's Pizza"
"_NzimzgKxXdfnCv9skj71A","Donatos Pizza"
"OohsWZ3A0bo8y6N6vi6ePA","Anthony's Pizza"
"50vHYiIFknliNBn51O7Gjg","Rocco's Pizza"
"pctgz0-aQh6fdUF-vKaChA","Franco's Pizza"
"ngqQHvtrT8QxGF3e6yrmeg","Stagecoach At Gordyville"
"Hzp7oS3dhpFNNBd8yDmqeA","Italian Village Pizza"
"KSg7TI3KEe_GENY3yvV4zw","East of Chicago Pizza"
"4zOyZff4-FemUqRW3GXuCA","Geppetto's"
"-xFlLT2fV_8ogoFxIm4Fhg","Little Caesar's Pizza"
"7Ny6x4wX1JJLqdVeKQ1JYg","Mama C's"
"de2E6-wKURd0RLJaq8mrTg","Happy's Pizza"
"I9vXZQEpWvaGV69eVRwT3g","Joey's Restaurant"
"WFIROcsePryGgQY_nqDUQQ","Teresa's Pizza"
"KJKHHGpvSjtuFt1YcpUHug","Jet's Pizza"
"zgSu213z4MCkPhSqUMfSaQ","Pie-O-Mine&Greens"
"0jWLnNwoa95RySh-ESksew","Bubba's"
"jnxt9D-rkZ3j2Qg4Afux3w","Ephesus Mediterranean Kitchen"
"27m3lsK3LpZm5XeGM4oVNw","Salvatore's Pizza House"
"XUu0kQThRtv4iXysUOEdtQ","PIZZAFIRE"
"uIBNPHjj7Wupu9tDG7lQiw","The National Pizza & Wing"
"nkTKlVAdh7DhFJMFvQiAXQ","Paninis Bar & Grill"
"7AcewhFBJmOV44rDkq_pVQ","Magpie Pizza"
"mmTUGqCoZ28CAHNmY-ZTwg","Papa John's Pizza"
"ZL-4ejIO3DCgSsdRWwsX-A","Vincenza's Pizza & Pasta"
"3vg-0VwYvK_rss-562_DiA","The Dome"
"tmFJQmfI5YQh-_RBRBhlzQ","Upper Crust Pizza"
"wCRc6E9XcyPnN1WwJhaGtA","Joey's Restaurant"
"0YyuKpGOmWs1LJF5kRKd0Q","Teresa's Pizza"
"NrpgcAPTAtMNoW4O_G0rwQ","S2pizzabar"
"tBecXDdDmboDVwUu4kmOiA","Nick's Place"
"IaL3NMcVUjwk29CnR7w4tw","Mama Pepinos"
"Y-c1m8-0Sa0xnYpm_bRxWw","Pepperoncinis"
"sa9eylPTl5VEx2xHQ8Bx4w","Pizza Hut"
"ZUvAR3I1uhC27zQFcRXumw","Dina's Pizza & Pub"
"vVpq26iHxy0sWWCVR_un4Q","Picasso's"
"EVjwTJ3boXTve0hTTFxPJw","Hot Box Pizza & Wings"
"HRIUU2Z4EsZBo59P0I2ZYA","Pizza Hut"
"G6IR0pYAjqn6qOwdBBA4Wg","Domino's Pizza"
"YUqj8aHBzc7lS84eXmRf7w","Marco's Pizza"
"2TmOcEavT5T4aeu8J6ItRA","Reddi's Pizza Parlor-Family Restaurant"
"bjr8Uyi-r6xDeXVAhSX-cA","Italian Village Pizza"
"hs5xdulRJqHZyITnEHpJhQ","Mario's Pizza"
"wkhxaIt6S9bQ0twAD9Svpw","Giuseppes Pizza & Subs"
"hlmIfHjSVmm3N8dDjQpaPg","Pizza Hut"
"0ge5d8zQ75QMe9PBky_2eg","Alberta's Pizza"
"1SJk2iDxDNLaCWXC-S-GPA","Pizza & Gyro Express"
"W2cxJaoiztWg--sxvjWnKg","La Vostra Pizza"
"u6F-dfFQOVVnPTiHyZG02w","Wize Guyz"
"TEvCRTMnOYwQ9Up9lWXxfA","Danny Boys - Tallmadge"
"YCzmI2PNDO3Dk6mr3cEwMg","Fox's Pizza Den"
"hPc-mAHv4jfKeXqOxYJuAw","Papa Murphy's"
"cdsxkycC_xrXlOdsm5yZUw","Nunzio's Pizzeria"
"P9LAh1yahQqntqTlXIVPnw","Mamma Mia Pizzeria"
"scCQqfGfHipwVV43opvMJw","Papa Murphy's"
"0S4mVrhhSfTsKRtBF_W_BQ","Tony's Southside Pizza"
"iJBlRfcjBX7uWNBemvMEUg","Picasso's"
"qV193bfO-X4ysTviA2iUAA","Pizza Fiesta"
"0uXkCoDISUHqb0kfUys7Lg","Italian Garden"
"bI_qjkPI5aCqXoDJDpqpBA","Pizza Hut"
"-oyQPGW1O6XbIWaaGSguYA","Reddi's Pizza"
"GsEv2zIzYuGxWqTR2PE6Dw","Ohio Brewing Company"
"ac-ZqojwKNlhPiCdv1sT6g","A Slice Above"
"JSd5CfN1nlokB1tQCc4d4Q","Mama Jo's Pizza & Wings"
"hD4Qnd0_nK21BqUuB2MSfQ","Padanos Pizza"
"Rih4ADNS9kZXZS5C6Zqo8Q","Domino's Pizza"
"cGW9GvF6qzYgqHneqhxKAg","Beer & Belly Deli Restaurant"
"J4fNHmvOIf1jm0x2hsmo7A","Marco's Pizza"
"S4oe6TlWNqfMSBEL30Ej3Q","Harry's Pizza"
"J2eaZ4o8btjeoTIoAfDqaw","East of Chicago Pizza"
"G5qOZI12XTSowKZzlq_5lw","Abruzzi Italian Cucina"
"b4RHh9w1zyuw6eqm7m5hGw","Augies Pizza & Ribs"
"sjSFNU-ArHCHtN1mGqjktw","Cleveland Pizza Co"
"finErFzbJa_sn1gBnz8G6Q","Aladdin's Eatery"
"njdz0sOFfsawcBi6jpKNhA","Adrian's Pizza"
"8qNOI6Q1-rJrvWWD5Btz6w","Luciano's Italian Brick Oven"
"vbqZcwnXLdOFkZ4myfOTvw","Universal Pizza"
"Xz5tTSD3X3gACOiVn101tQ","Express Pizzeria"
"PLrbeJWuPlk4d0773xJ7AA","Romeo's Pizza"
"Ew9YPQV9g4a-L8NjigV0NQ","Lenoci's Spaghetti House"
"xVel-geulMD5JtfoN_34YQ","Cleveland Pizza"
"HPtTqirOkZArADg2FLr0eg","pizzaBOGO"
"isWgRIa-He_5V517AMBNGA","3 Palms Pizzerria"
"iuOK9_SBaJ5y0xzu4Fy4IQ","Threadbare Cider House"
"YHoDKkSvaqcmwdFQScQV8w","Rego's Brickhouse Pizza"
"_IAxXD30S4ODGh92m8tLJw","Pizza Sola"
"OXrFWgoz533T8tMRemkiww","Il Pizzaiolo"
"uDHZW-ueJm9UxSkuNuVmtQ","Sambino's Pizza"
"MJHSWSh9Ixusz8t_VdL3qA","Nino's Italian Restaurant"
"hnDQ_L_1IjCUVUA_G19sew","Little Caesars"
"mKcCsAUf0lDtL8qWfQCDqg","Rialto Pizza"
"-httBl6DSZiUtDX4SQWtag","The Enrico Biscotti"
"y6R_bSCYiotoUjvygVcFaQ","Sugar River Pizza"
"0vYxDHBR6VUfMtY91POA9Q","Gionino's Pizzeria"
"GnPXUkEvX5M0YR_PVGhWgg","Park Pizza & Cream"
"AZw_8ngMd8vnAbzKX7zPlw","Pizza Hut"
"AWL3aobRhxf45LPe_5BEqA","Pizza Hut"
"TsCq0UqOrKJ_ZJx7KKwKkA","Pasqualino's Pizza & Pasta"
"RQKrr8j4jS_7ubGMfAwnIQ","Garcia's Pizza In A Pan"
"kLfNYfqt0XZ_8afGu3tcNw","Savory Sub Cafe"
"gae9LAyt7Qvf_OgAkWASxA","Buca di Beppo Italian Restaurant"
"ZPREnm3Du71PYwtDuBJryQ","Elevate Trampoline Park"
"hNLHZo8mhRGL55QRxpbKRw","Franco's Pizza"
"r80qDv4gFhnixb2GRUmKeQ","Jet's Pizza"
"ZcbGfZ0GYjvJp9xi5uE9KA","Pizza Whirl"
"wQt02A5yue6S0ujGZUQerw","Pizza Hut"
"9WTeG-SK2-_Ets4NtRkqMw","Pizzeria"
"ivugOYd-QcXVEfnm1OyqZA","Beto's Pizza"
"hOgRHl6U9WfcUtiGmmRfAA","Georgio's Oven Fresh Pizza Corporate Office"
"_TWp4gqGF7tQUGloTClcNg","Brixx Wood Fired Pizza"
"ofa-Qt3Cx8X5h-L5A5SADg","Tomaydo Tomahhdo"
"YWRn5UF4Fdxo59Vu__t_Fw","Tomori's Pizza & Subs"
"z4EIzLJlGd7gyje1Q_hKtw","Federal Galley"
"FelIkH-Gw8OGXxNDqtibaw","Pizza Hut"
"l44E5TrKTo9U8xWIbSORjA","Fosters Tavern of Hinckley"
"M1mAj9IUsSQ5Fn2aqczYBQ","Georgio's Oven Fresh Pizza"
"-S_Ln95liXJAccWi7ItUGw","Vocelli Pizza"
"7QA9AjMvylQLMButvmoqnA","Philly's Pitt Stop"
"IdV5HiGvdENGAcVxkFxX0g","Italian Village Pizza"
"X3-ZauIT8o2tcoBHjYUKFw","Olive Oil¡¯s Pizzeria"
"wXw4gfKADpCrZ7etddmsTA","Chicken Derby"
"a4I6hTqQwL3Px1aXfHD4Aw","Chuck E. Cheese"
"MSc5pybthcvHa0g_lg5wuQ","Dewey's Pizza"
"LgvarcLVy6h7WiPKMRzz3Q","Giovanni's Pizza & Pasta"
"LLGCa1g8owtW7xa0BbKDug","Mm! Mm! Pizza"
"9TvAsXDbpqtK2re5PzrUlg","Guys Pizza Co"
"WbUmPEShMYUGrGoVza-Pew","Pizzafire"
"5ayNBWXT7BtrW2285_nb9Q","Poor Junior's Pizza"
"Alo0AhyOWAKGxbDPsK3UZg","Tommy's Pizza & Chicken"
"ag14nKgG6m3qhvEWvqaikA","Fox's Pizza Den"
"WSOFs-EA7vhT4JoHDJz4ew","Emilio's Pizza"
"rhEV5HowwKBXTopJIxsQEA","Pizza Roma"
"imyKBHJGFixHJ2bh400b7Q","Geppetto's Pizza & Ribs"
"-V3wr3C29UA-_wowT92lFw","Papa John's Pizza"
"xqxRWwtyvXCWZvVUM0tepg","Michelson & Morley"
"PvtAsnMf-oeNmkvdwRmEpw","Yoli's Pizza"
"1KGLQ6Sxji5jqsQnsC6fdQ","MezzaLuna"
"Y-oPVMkxgEsve1sG2iDLXA","Citizen Pie"
"dmvs92jieWn6eNkL2SxFxg","Chapman's Food Mart"
"Qn2uD06olrxL_43_4G_Hqg","Rosati's Authentic Chicago Pizza"
"JWZHRIFepnGRQ7Dw-5Wm5A","Marcos Pizza"
"EaswzOLV7HyGiotbsGygiA","Angie's Restaurant & Pizzeria"
"UAN1e9bhLqQZcgpsZwvHww","Crumb & Spigot"
"j0hsIpjGjkQwsKbrfZBlwg","Your Pizza Shop"
"Gepy89vtr6J2LFTb-dUPrQ","Burgh's Pizza & Wing Pub"
"gWEDp0DURMjR-RfnDfTQrA","Papa John's Pizza"
"Iam7tYWhssw_rscSBkeRIQ","Fiori's Pizzaria"
"bSMxmpp8X2bDbEq_qqupsA","Romeo's Pizza"
"C37hwsGUHn_3-il0ypeY-Q","Mickey's Tavern"
"uarJTrBc8VsXlZm9qlQVAw","Round The Corner Carry Out"
"kvGkveYKwjk-ilqXCl_Log","LaGrange Village Pizza"
"IoPSrK19Xd9FG_Q0x_CcLQ","Giuseppes Pizza & Subs"
"of7Vys4mcRAzpXltmUweDw","MOD Pizza"
"QN-Jwhwvv3ZGTg8bXZXAyg","Domino's Pizza"
"AtIpJ9Jhhw_xXIA_s9pxhw","Maria's Italian Restaurant"
"evakMk_jHxl2vQ5gvI43aA","Skibo Cafe"
"vLGYQ96AjKV5zpW0q3795g","Sbarro Restaurant"
"rXULENMtBohv3485zqG0XA","Crust! Cafe and Pizzeria"
"IfdaoLWUc8LJU8BE3qb0Ng","Amore Ristorante & Pizzeria"
"oxig-TT9V2QttAvRqa5WNA","Buckhead Saloon"
"nsV7GSss-8KnQbOA3zHtGw","Brew Wall"
"Fc1Stez0Me3UiIVT-pgRCg","Romeo's Pizza"
"yhT2iTPtvQttZxYS9cNF0A","Franks Pizza  and Chicken"
"m7Vm0lyQC_BMkeaw6-sRkg","Papa Murphy's"
"L1qCbC-FMbcCIt-LtqVIOQ","Romeo's Pizza"
"aRmNacukkGh7n_geAbb7oA","Felix & Oscar's"
"wk3wGDfJb1V-ciZpyhoNAA","Bic's Pub and Grill"
"J5tGb5yI9-bMEohZrtf0SQ","Carmino's Pizza"
"DLhAuWok29OU8VR-DBxP7A","Monicals Pizza"
"9tqtjCPLBs_WSC7T9p6ruQ","Project: Pizza"
"tv_p6iJGmaCmejW0L00JIw","Patron's Pizza"
"rmmIC5szAimxRnqQx3RUQg","Fellinis Pizzeria"
"lObg37f1Gv00pR-dBdSLPw","Jet's Pizza"
"rPL1gw_0Afm8nOAfLW53MQ","Tony Sacco's Coal Oven Pizza"
"4w-v_c5uZeLQPdZ4XxAuUg","Cafe 200"
"3NSeHqI4QrXx8Smw2j662w","Creekside Restaurant & Bar"
"8XXSAS4xX81nUE4yPVtIiA","The County Line"
"Jd9L7pNhC982XeCNbPncXg","Saucy Brew Works"
"mJAqx7wK33gFt4MjN_1aDg","Michigan & Trumbull"
"hbxMqxvQVWguUnkWXsEdxg","Donte's Restaurant & Pizza Shop"
"PVHC67qH2d6DonAGRxvymA","PaintBar Madison"
"jNL2MoJI0Ps8hYVktQ4lkQ","Minutello's Restaurant & Lounge"
"rZRxuGOxTaf11VcsMviQwQ","Rocky Rococo Pan Style Pizza"
"G5rqI8RjYa5Jkoo1lYbdPw","Marco's Pizza"
"iWLNyADtZsORV58bttRrBQ","Pizza 216"
"aiZD8SVkPF-TR-LQEoX9Ig","Pizza Hut"
"OKGfGPx3AJOw6ohrIXM-yg","Tano's Pizza"
"P3Dy7GF1Sw8RrW1Dd9ZVjA","Center Avenue Slice"
"0nAFblolSC3TfbHDq8yjGQ","Casa Vella"
"5dFz332M4vPK9k5gbx90aQ","Pizza Shack"
"4f1zK0LmCcpB-qad0KdlxQ","IVP Bar & Grill"
"GQkCw7318u55O1JSCZL1Uw","Tony Maloney's"
"MYfzKv79F01MGjTa2ILQ5A","Coleone's Restaurant"
"I2EHSRP50SXxvfoWc8MIWw","Little Caesar's Pizza"
"fY2LdUf03wdqLcrsA9xp9g","Citizen Pie"
"c5mnoNYWzsw_gJSZ0C4b6w","Spartan Pizza"
"CbI4IFtWCNm4rLvWr0veEw","Villa Dolce Cafe"
"FR2hqDQMmky75sl-g2sPKQ","Schlotzsky's"
"Blw30ULdFKSOgCmf9lfGLg","Sunset Pizza & Grille"
"YajT7NNbaexIbXpUuQ8a9A","Amili's Pizzeria"
"h8Nu-YUosQRb2KIUoglJcg","J's Pizza Market"
"ay7DxVt-xr0lWRyoDYfwsA","Marco's Pizza"
"-HLGtKB3XtyawZAuvNoQjQ","Big Guys Pizza"
"R2hVz1386VvoPFLdUbJyDQ","Mama Pepino's Pizza & Pub"
"TByvxX_5DZlLmf9Zs_j3xg","Circolo Woodfired"
"_82041xhXs6-_WWT82BA8Q","Nobby's Pizzeria"
"x8lqSZH33vZ6WM1gtdJvog","The Upper Crust Pizza"
"6UXzAVLeWPUIlBtHrbS0-g","Luca's New York Style Pizza"
"FwS2grX_4u879hzjfYFakg","Valentino's Pizza"
"4GUXkFjJL5SEZK-qtDZSKA","Piacquadio's Italian Restaurant & Lounge"
"0aT7sqTIIv5zMApt4p4VWQ","Pizza Roma"
"LFh-Ay3bt9pTUNolfLn5gw","Buettner's Bakery"
"GJeequm4jhS8ei1b7-Q33A","Domino's Pizza"
"jLcP8kD76ocZO3DCgzvP1A","Geppetto's Pizza & Ribs"
"ilUhKIqr1rsALh-6BM7_RQ","Vocelli Pizza"
"8Jx2aDqLcnzdfHY0FW3Kow","Augie's Pizza and Ribs"
"2xmZgzxGAFRvMEcbmXvBng","Issi's Place"
"OPb0zqBiK4IwCb1dY0bbsw","Romeo's Pizza"
"9dS2DSVKwWyyW5uwk7Dpzg","Fiesta Pizza & Chicken"
"hO-jnwzDsCREL__UZWJBQA","Romito's Pizza & Restaurant"
"oNjeUgd9z0tni1rbPjH0rg","Happy's Pizza"
"qPDPvxRSwIfpz_7qBBWLrw","Domino's Pizza"
"t5brsnbGm3STdN4zrhZtFA","Campiti's Pizzeria - Bethel Park"
"b_9JwE1v_F2ITOmDE9R-0A","The Angry Sicilian"
"74SEU16GvqF_9BjWbYHT6g","Yoli's Cucina and Crafthouse"
"5Y18eps2VRmnXaBgzoKW_A","Olive Oil Pizzeria & More"
"0rjaTy1d0bRxmaJ7HAPYRA","Antonio's Pizza"
"3Sm8GncbpIwnCE2M55TIbA","Fox's Pizza Den"
"FsDogwXYckKUgs5VUoPbJw","Frisch's"
"ZMdCDYZuRliTvOyoJtMTZw","Master Pizza"
"XoGOpt6cj_tkSC6Vt1bspQ","Tommy's Pizza Chicken & Catering"
"bHO7WE9WgMT9USSr7ZI9JQ","Tomato Pie Cafe"
"YBddInm3xP6k9iOowm1EHw","Dinette"
"IgGRqEUqSdpq8l73a8dgSw","AJ Bambino Pizzeria"
"9QfhaVVbjJaTxtztHCp7tQ","Georgio's Oven Fresh Pizza"
"kgAFhUm4sim7RPnNDvSZew","Papa John's Pizza"
"OBiEUhHNYMWKuqb6yPVDDQ","Pizza Fan"
"qlg2QMEErgseygqs_MQETA","M Italian"
"U7Ag9oPTjWinwcnGH20tcg","Topper's Pizza"
"LTpv1IAniQ8QICHrIEwntQ","Somma Pizza Restaurant & Sports Bar"
"j65Mnw8aFJkYgkt_UR5BOw","Matt's Sub Shack and Pizza"
"gmbF7yyNkwNTcQlj_ogVVg","Domino's Pizza"
"G-GcMq-iVEENhjG3z1lZhA","Wood Fired Flatbreads"
"N34Cpp2JCp8DmYIxgoUCBg","Crown Burgers & SUBS"
"70JPF-UadLtgt8nUKpVwXA","The Wrap Shack & Pizzeria"
"mwjOboImtPUTXc-8t1ukNw","Papa John's Pizza"
"Ub-RrbQWAV_JuVyYixynfg","Villa Fresh Italian Kitchen"
"oDNyT8HaSza5uWDeQ_HnqA","Pizzeria Davide"
"KjvlQV0juv6UapH2cMy1aQ","Pizza Hut"
"0_kPDh2dIAVJZZr5x-kyFw","Bellacino's Pizza & Grinders"
"UwtQpKRHATMLx0Po7vPB4w","Pizza Joe's & Deli"
"je5h9jV38Wpist76omY_Pw","North Park Lounge"
"LtPnsCPkCb41VG5fQr18IQ","Little Caesars"
"_T2Aa3Vf5t68PqqxvzoX0Q","Osteria Pasqualino"
"UoiCvv12IfweIieRewC9pA","Exit4pizza"
"2_SYH1dmiXbHGIeQZVKLyw","Ridgewood Kitchen & Spirits"
"LqT5jDt-_qkW5-Pwg-VUhA","Fellinis Pizzeria"
"AdXJ1hkcH3RRZ2xqBhtuTQ","Antonio's Pizza"
"rA3dARCXXM5Lls-t__3Frw","New York 2 Chicago Pizzeria - NY2C"
"aCu7P6VZLefnXGYjVejwsA","Sidney Saloon"
"j2do6crDCVPK7QHKa-XjZw","Vocelli Pizza"
"zSieFkjliA9tEJBI2JwRXQ","Mama Lena's II"
"iDQ2WviQGxX_-4rhfOKYaQ","Leonardo's Pizza"
"QXR-YnHgV0qDyuUTckYeGw","Bakd Pizza"
"qAd4C0TKtMBmjRUdsrJgYg","Sbarro"
"hN9eVUOD3eRI4bRppuDMQg","Pizza Rx"
"rs3UAvuxgJth8n1Ykvghgg","All Access Cafe at The Rock Hall"
"esF6vzW_Owwxj3s5I6nlvg","Di Salla's Pizza Parlor"
"CoL8uXCApsmudqiOGnszXw","Zeppe's Pizzeria"
"VnQFNN_3wJZhd_EtMsOL7Q","P T's Pizza"
"vEhSFgv2UW0lokhNAXAPLQ","Sorrentos Ristorante Italiano"
"oP0eUhf44jU71-I8DwKU5A","Tolerico's Restaurant"
"I-7JXoyVi-QpZJLbJMDrgg","Fazoli's"
"tIG4CthhLdIim_qw4fvhxw","Big Star Pizza"
"gMPtAFyWjE_uama1OyDblw","Pizza King"
"ZmHTzhLol5qqhl1nP-1wEA","Sirna's Pizza"
"9X1QIzD58XjFuXT3sV7moA","Tavern Six"
"gURBE4EKkytlOMuIqJHG8Q","Anthony's Pizza"
"J0UG_QARO4bwYlxfosP2aw","Papa John's"
"a5l5JLVC0_lkz9QNOc5mHg","Angelina's Pizza"
"QHjZpTPQ83OgwPqPTvLJjw","Papa Murphy's"
"9UH89MK29yaYa5BV95kcHg","Georgio's Oven Fresh Pizza-University Heights"
"l_MAsRrpzf2sXPykr9DyxQ","Capri Pizza"
"ldoNHXUnh62ZhHwbr7EBqA","Dante's Pizza"
"ZUkdycNnqRowmwkiENqVTg","Domino's Pizza"
"HW8iARU2n2wOkezDWKit_Q","Altieri's Pizza"
"T6E-tJICIbne91FORVYA5A","Palmer's Pizza"
"gA_SPYQ9D9THv4mrH9mSsg","Geppetto's Pizza & Ribs"
"XsYLY9LLaFB45MW88AyUHg","Caliente Pizza & Draft House"
"-sCaUNqEfFOYwtu8WCw5Wg","Anthony's Coal Fired Pizza"
"XDrrzE32WdnCwvpUmNdACQ","Antonio's Pizza"
"FuVGP7x3pib95GGrN8irew","Pizza Pit"
"AtWI6XjqFrPEV7M5WvmwHw","V & V scratch kitchen"
"0Uh7OnA7xqD5aQHejQ7IyA","PAISANO'S PIZZA AND MORE"
"5oc3Jva4wWS4O44a-0Jd8Q","Bread and Salt"
"nllz_CryvbKJg1MX8sh_Kg","Jack Spratt's Pizza"
"7Av7uSgowKNGQtnxWxcKxg","Pizza Marsala"
"SJjSUTQGn9e0b-RMQfE_Gg","Vocelli Pizza"
"7kjQBf9FvS-wUXawx965QQ","P Jay's Pizza"
"3v8vcGGeJRZXTGxpeyq0gA","Pizza Pronto"
"B2lr7sQv1NDujuD37tTBNw","Antonio's Pizzeria LoSchiavo"
"eDuQMHorChFKUu1Au-xhjg","Doc's Place"
"r0TBZeali_C8RWFWKnXtJQ","Domino's Pizza"
"yIMZ8XeGJePfYWr7BBNzww","Maldini's Taste of Italy"
"lc9RZgA1FYbaJp4JQ4gm0Q","Madtown Pizza"
"reqKfuTcCFxaoX1a3ZEUZw","Domino's Pizza"
"eJj9eDmM0dz7fZ04FI0aIg","Pizza Hut"
"da24fyVdDz2eReEA-D3JZw","Frickaccios Pizza Market"
"f4Fwv8ClqR35p5chZWKSLQ","Italian Village Pizza"
"CvBYswXZ4S6KiZA1oq1nEQ","Leonardos Pizza"
"cWsgD-u_TvTohsx6LSi9aQ","Villa Reale Pizzeria & Restaurant"
"KG49H_LTXErKDhwepE4VDw","Chuck E. Cheese"
"HhmsASV-oJWyQVnOy8W1cQ","Papa John's Pizza"
"rK07YAIZJBFrvx7Z5k39_g","Mezze"
"IjyNFVZPLVej9de31KGTxA","Godmother's Pizza & Subs"
"xeN57OX3lJfY96nfEx63fg","Garcia's Pizza In A Pan"
"A4GjSb9NhUKGUoyyGHNwYQ","Don G's Pizzeria"
"-DU8jf5nA1_yaOqsKsLqmw","Tiffany's Pizza"
"i_1ORltzRXvf9H2rvfS-Ag","Gali's Gyro And Grill"
"BLGo7Hnn6080YJHJAtifOw","Maple City Taps & Eatery"
"-cltiJWyT2x_eBKE7Clh3g","Rascal House"
"QAd1fh5ZhVSbq07IczLtBw","True Pizzeria & Lounge"
"0mxXTe1LPXOmPy-aGhZTuw","Pizza Pit Extreme"
"a_J54DOnr3lv6rWRLYGj4Q","Pittsburgh Pizza & Subs"
"0oGbljgcsv9OGgjYiX6Tbw","Franco's Pizza"
"29qX-E8uPc9PyCz_eVWNjA","New York Style Pizza & Deli"
"KwnrOACsAxpQmvE7JwMSUg","Fox's Pizza Den"
"UmFty_GxdqVe35apYnmGbw","Showcase Pizza"
"zc0sUY7iWuJB93AHWKy_xw","BJ's Restaurant & Brewhouse"
"p1CagWItb9RwQd1WL-ilwQ","Gianni's Pizza"
"qV3z3lBATCdLgV7VslQ-hA","Ninos Pizza"
"BKTomIwe9BHLWBJUXQ95xA","Teresa's Pizza"
"b8HHE-JcnkXyS0Wjp50wFw","Guys Pizza"
"7tiobQOY3WLYYJl4uMEfrQ","Brickstone"
"K7QRkS7HZDEDMkndYf0OSQ","Frankie's Italian Kitchen"
"NrokuoWJAy_VbMprivfAIA","Molly's Pizza"
"0aC1_rN0scdHkAy_dDSMWA","Captian's Pizza & Subs"
"xkbUCdXRQfKJ-mT3xmH8qQ","Portogallo Peppers N'at"
"0WsCtzG8xazAmFA5HhQE0A","Stella's Pizza & Italian Restaurant"
"ZNB91myFoOYgyXoG5LQeGQ","Alfonso's Restaurante & Catering"
"sid1Wu5Z4v6yiHacGZdUeQ","Franks Pizza & Chicken"
"NbjeMaUoYT_XUB8PWnwLkw","Pizza Pan"
"iiUu1e8FNkfoSBA9JomqdQ","Italian Village Pizza"
"khSsfe3MUunPsJowDEuFvg","Pizza Giano"
"hNmSL-HfN_IdPlWXP1ILEw","New Way Gourmet"
"b0t8X3Iuc8cZrgMVxHTWew","Guys Pizza Co"
"vXhlnFw9k5ch1GVFOlddgQ","Umai"
"7KB_fvSCGJQfq0rFl4_ecg","Fox's Pizza Den-Moon Twp."
"50Anorn0DJXFhBr9a9_gHQ","Lakefront Cafe on Langdon"
"FRLsAoFLBd7qH4N5YAoh5w","Red Onion Hoagies & Pizza"
"1uH4zHOUSzaWFzWqsVsQlQ","Imperia Pizza"
"-7PX_FOoCwktlunImRyZdg","Pizza Taglio"
"lCl_-LHbb5QTSvac-HQHEw","Papa John's Pizza"
"Egd-0nDgzZGEVA0R09yyUQ","Italian Village Restaurant"
"wpJcD0Qv-q4ShVJYH0hMLw","Pesaro's Pizza"
"57Rhd_KhZ0L_SVYe3dH2oQ","Marco's Pizza"
"YOtTmU9DRuDyx7JeIx76jw","Papa John's"
"Sb2a5N9gSLICYkMVSjszsA","Wolfgang Puck Express"
"-Sqfd4x8mi4ngwUpUB5nJw","Rosso Pizzeria"
"6nMYROXu0VX4Ytpdsfi3XA","Pie's the Limit"
"5jWBMCoR8aAXBM9RNyzzbw","Penn Station East Coast Subs"
"SxC7gGLEZ8B3ooj1Qtjz5w","Rocky Rococo Pan Style Pizza"
"vs8orAK8nDXFxFiIfv0yYQ","Gina's Pizza"
"hz8mFMIQxQNLKE5rYmg6zQ","Pelegrino's Pizza & Pasta"
"0hDOAi_4jE6FBw2ZL_jMsg","Concord Pizza"
"77N_IPeA6Cb70_5m6SwhHQ","Capps Tavern & Eatery"
"F4k0RVMbEPfo5a372q-m8g","Pizza Care"
"Perap0eAyCbUx4r4rQTSnA","Pie Express"
"wtEw671slO0rNweZwn5BNg","Donatos Pizza"
"q1_KmjVEmFkrQEEBgFUqlw","PaPa Allen's Pizza"
"wOWZSn3xiSmouEhyJ1RSkA","Pizza Authority"
"823q9U53y4XSMw_4vs6mcw","Rosa's Pizza"
"WkrHBKeT_01S0cCYjSwZrA","Big Nick's Pizza"
"FTVZYUvQtydyO6rQbOFPTw","Pizza Ephesus"
"yQu994zx_7Jv5PyVgrmaLA","Our Place Restaurant & Lounge"
"Gm---0O1y_4TAQAl5qKvqQ","Salvatore's Tomato Pies"
"13l5G_oIAjsbo-zPg7LOAA","Hungry Howie's Pizza"
"CjCVFZurydHXPAM2Zu8NzA","Domino's Pizza"
"GfIvdP-fP5nj9zyRTw8V7A","Attilio's Pizzeria"
"p0FYlwANjXb5bUY10VgnsQ","Wing Spot Eastlake"
"OEyb_iAHBYZ-UNvs8vwKfQ","Guido's Original Pizza & Catering"
"hvS-3lxc8qwyOUpGBm5sAg","Belleria Pizza & Italian Restaurant"
"oZH3Ee7Yjk7u8B4Ed0oVOg","AJ's Urban Grill"
"VcdMJ3Lze0LMboFBZqnnZQ","Crile Food Emporium"
"vLxpEHKZFzv8LYY5eeGjTg","Village Pizza Bar & Grill"
"7FKvhOx2iZbz86T3aOhB2w","Cleveland Pizza"
"93NvjTC3wH6kLjTWpPRiHg","Arnie's Clubhouse Grill"
"6nLuU3av6aQiLVXHNWLbew","Sugar River Pizza"
"JSLCRXAD0-lU5-Ax2vPAOA","Johnny Malloy's"
"E2-h-zPbjdty2EivRoqIaw","Z Pizza & Sushi"
"j6MtKpKdqZC2wXnQetGBIQ","Romito's Pizza West"
"kJdIaFnq9lcMOBjhjDtgFg","Tommy V's Pastaria"
"yNb_PHvkAMGA0NU25L-kgg","Papa John's Pizza"
"rrysQBMgpCqhDZuM34vvwg","Santoro's Pizzeria Italiana"
"zpRSyrDdrhciCGtkL2hE-g","Lorenzo Italian Pizza"
"UzCZyYj511zKERJEpEk7-w","Papa John's Pizza"
"FLQLCrRlMMsMXOM0sESGWA","Merlinos Pizza"
"xePC2Iu32dgHzP892OHIUw","Pizza Bellagio"
"9GA2gmLV4NX2oJkuz6fdcA","Garage Door Saloon"
"v3AS5LGeV2Si4nOHZ7lgxQ","Glass Nickel Pizza - Madison East"
"POVKWFdKixujvH0YHweeQw","L.A. Pete's"
"gITBefKO65DKNcCFQp424A","Rockaway Pizzeria"
"i1t1vBPEWkjPVEW9OoDH2A","Pizza Hut"
"F6Ujpp1Kh7L_3uUfoUsTlw","Buster's Pizza & Cream of White Oak"
"zydbdBR6-CM8UZ6WkW1DWA","Marie's Restaurant"
"GtxwFRoQTitTa6u3oVgS0g","Juice Up Coldpress"
"w3h2_nxxqnmxZZaaQi2Pag","Sara's Place"
"uLZJBkHmWq4iKS37I54ggA","Guys Pizza Co"
"3TBouLwX21Ic5cJNlAl7Eg","Drew's Pizza"
"hc_x57UHPd3752vQj-2Oxg","Georgio's Oven Fresh Pizza"
"7hlICFMky5fPFxeYRgg__w","Goodfellas Deli & Drafthouse"
"RhlGhQt3owSO3-TXfaUoBQ","Papa John's Pizza"
"pU7HJcOFaZHhaJBfl5zxRw","Vocelli Pizza"
"MLi1IBqDaVQuONeuXMMSLw","The Village Coffeehouse and Grille"
"DNf4GfG3wxWmDXmaj2OYiA","Romeos Pizza"
"Fp6yMeo3K8422CbDQCLrBg","McDonald's"
"1n8bvxpBoUOAJsC5csuV3Q","DiCarlo's Original Pizza"
"mMoOtnrOEKqRrcWJikM9xg","Rocky Rococo Pan Style Pizza - Sun Prairie"
"y4CE_4CHTWZ6oe3JCH-AoQ","Shiraz Kabob and Hookah"
"aVBFKYoF0AHuusNssaQpJA","Ian's Pizza on State"
"hxedolqDRVlKA_iOoI09Ng","BJ's Restaurant & Brewhouse"
"kEIwUXCl5JhbF4gzuMd3qw","PIZZAFIRE"
"k9wv5-0u8q4S75MIaTX6aA","Echo Tap & Grill"
"hlhXDG5GfUUWLduFbbAXzg","Rascal House"
"nBZ6A5-ecTFd7s406r6--A","Pony Express Pizza"
"WtO8eoYmrc2_8kuXanug2Q","Uno Pizzeria & Grill"
"0xyao4UwqbiARcjFByo5aQ","Little Caesars Pizza"
"i7CzT5ncBc7Pgt1R6quOqg","Little Caesars"
"kfqWU3dpvG385moeAhnAhw","Tomaydo Tomahhdo"
"H087dS5FpllJN7UVW7_Qzw","Eliseo's Pizza"
"X5valo7w5BVwFn4lZ2P3Sg","Casa Bianca"
"EqFMzp3qlTuVF9UMNy9Smw","Little Caesars Pizza"
"rtj550X5w4tDWcTE8oAgew","Bishop's Pizza"
"OIpS3O5ifR0wFu5PdvMM5w","Pizza Hut"
"KXv9wm5W9LTNZec2AsmHgQ","Grand Central Pizza"
"96trsoEBDzmH-FDiVw4clg","Monte Cellos Pizza"
"6OpLHgun6qHmrX1JmHL4zQ","Monical's Pizza"
"h98IJqWW0wVxwoLV03Azfw","MOD Pizza"
"m5j14qH-kVR9AUkd9rPn_A","Vinny's Pizza"
"CFBDAdWVxOhFFRTa5Fp30Q","The Diamond Pizza"
"5O1l8b23r6GIIr2ZHy6nkg","Zeppe's Pizzeria"
"6lyFdVnk6MC7RGm6hzXtEg","Bochellie's Pizza"
"AD9b2W2gPZlD8AQHkBIl7w","Vincent's Pizza Park"
"zaDZo74bWzds9MunE6XVxA","Vincenzos Pizza & Pasta"
"kPvzmJO6vJs1QcyPnB6MCw","Sundae Funday's"
"C7pOdQZU641kwnr162-Y8Q","Iron Born Pizza"
"8MXlF26jvhrfGA9rcua2bg","Matteo's Casual Italian"
"G7QZWVm-ytyKHpvUq3ggFA","Sal's New York Pizzeria"
"w-cJmgsAiw9RLoMs5e7iag","Caliente Pizza & Draft House - Monroeville"
"lU5SyqwRlKS7cNj2DrCpGA","Italian Village Pizza"
"1FodVSAxoKqEKYQc3QHgvg","Bellisario's Pizza Palace"
"Gh752sLvWvzl_n-CHWYwyA","Milano's Pizza"
"3ytBMy5RWPIdBGt9nhJy1A","Cala's Pizza"
"aEH2WZFMzLcbJmTiu1urMg","The Baltimore House"
"yh-NN-dCaxxleNcI-_bsUA","El Dorado's"
"JZXv8bTa7NkQ5ntfqv-Pjw","East of Chicago Pizza"
"qCq3JGKYMFq4dqFjtuF7DQ","Pizza Burgh"
"_vDoNSl0w_v-dEkj8EorwA","Athens Pizzeria"
"1sZRrH4lZwUzeCJabZEBQQ","Adrian's Pizza"
"bissv52dx3lT7kAgEmIDEQ","Big Shot Bob's House of Wings - Carnegie"
"z36agKJZm458stAJI0PPEA","Perry Di Pizzaman's"
"4m7JeLnlv69jgC2nenPiPQ","North Star Restaurant"
"WiU6fACNR6uUAC_6X5z-SQ","Wood & Wine"
"2A1wvIFdKQZZe-vtTO7olQ","Eddie's Pizzeria Cerino"
"O54jXbKjZte4qVYabYjGjg","Zappitelli's Pizza"
"ks6JgGsz7phkGEVh9hoHkg","Little Caesars Pizza"
"EsE8KTPqAJ2MjJdmuAifRw","Dante's Inferno Flats"
"cZTdc_mEfriD_Skyc_S8JQ","Jolly Roger"
"vSXum5CZEgnouVyPo5BTWA","Pizza 412"
"dN4it9rxcfOVe280CamyPg","Papa John's Pizza"
"D78CuzHdrS3VjRJdWLGbLA","Lucci's Place"
"uZ3dfUM9VpsSbL9sdgygDA","Don's Pizza"
"Scub4d_tTkdD7g7QxcaaGg","Frankies Italian Cuisine"
"0ajTatYvxoFd7-C22r6L4w","Pizza Factory"
"oCsMUWF8gudHBE4lga0Bpw","Domino's Pizza"
"HGwUE9IBM2s-XUmOkL3pow","Gionino's Pizzeria"
"mrA-h8F9Z3IfsIGlVGIBcQ","Teresa's Pizza"
"hc81y_5FQjTiZcgqnY8vfQ","Pizza Hut"
"5crOt_2vpHfFeGOrEeROQA","Brunoise Restaurant"
"iHTfSsaBdl0KMc-0sFfJzQ","Casa"
"xYW9qSsgsfyzJOYoj1exKg","Pizza King & Video"
"pv4QpLQEl4LPMthFIgnfSg","Fratellos"
"0dcNFXs5yMj1n2RtkgIoHg","Pizza Cutter"
"QVaQnQ9ls3w4hIx2couR_Q","P.Za Kitchen"
"kBZ-tBkOKGqUOAypk-L9Cg","Master Pizza"
"QaFhHwtJf64AZIzqAujFxw","Joe & Pie Cafe Pizzeria"
"QnTguWLRKRK_reQ__8k7yw","Do Wood Fired"
"JX4FbGhaV0EzAESPCQZGBA","Pizza Rio"
"PLY0Nedm170y61vqNlIzxg","Foundry Kitchen and Bar"
"-R2z2womJA-NCA2Pbz181g","Vinny's Authentic Italian Eatery"
"2QvAgu0Jgoa_BzD7XP7Tqg","Donatos Pizza"
"dcytjy24XmYrLtjTjgyEZA","Rocky's Pizza"
"fkxDuUBMc9G7lCrk6nWeVg","Bennett's Bar & Pizzeria"
"-O7uy8mcz1UEO-D604dRPw","Serafina's Pizza"
"Y6ujotEhfTZd2JPZmsQ-Ow","Mike's Place"
"kzbH1_l7VTSfFFcwTqY6vA","Sarafino's Pasta and Pizza"
"FpW25osFTrQf2dCIzAPavQ","Guido's Pizza Haven & Restaurant"
"FbUzIBAj2ziuqL2grUgw6Q","Grab-N-Go Pizza Express"
"rHSOhNuRXJypsHKoe1ZjCg","Porto Fino Pizzaria & Gyro"
"GnODIDJz09LecpudDoynCg","Greenbush Bar"
"DcdjPu2wFoMp-G3K7PnYqQ","Anna's Pizzeria"
"2VnPnlU4pH-3TyFf436Wzg","LaNova Pizzaria"
"e80gyXsUZ7__eAuW7JEj_A","Antonio's Pizzeria"
"cfMqHwJc4qgdIL6oew9EJQ","Giuseppe's Pizza & Subs"
"v9l7bpgXNrYsXJp4_wfkZg","New York 2 Chicago Pizzeria - NY2C"
"sAZ6jsz0VJisFuFQVQnNcw","Bishop's Pizza"
"omgv9mbqBa20oVMApbyaxA","Maxim's Pizza"
"NFoMcanUadf6VmikZH0A1w","East of Chicago Pizza"
"D4Y0K_IHImGngs-rnNiEXw","Office"
"h2vFVV5pJjn8arA7GR6mQg","Zelma's"
"ptAC6CT8p5Q3fohITDpKow","Pizza Hut"
"v8ShXph_wz9EzYCUSl3cJg","Guy's Pizza Co."
"_QJW4P0zzCrhKz4nZ3nd4A","Fox's Pizza Den"
"o6UJLrSQGZzUSsfCxVQryA","Mia Madre Trattoria"
"_ls-4oTpPixPOfxrwizrEA","3 Palms Pizzeria"
"YoYL__V3bUF4KluaJ8QO4A","Stonehouse Grill"
"2K-uV7mmRdGjii5G5eKF6A","Pizza Hut"
"hyyy_yFDI3CJJaG3uROGBA","The Courtyard Cafe"
"3fx50m708Tl3xJmSoDpRWQ","Cappys Pizza & Ribs"
"EIJu1RpAf_mXTmFlf_G6Cg","Fazio's Pizza & Italian Food"
"GvBGYrTb6HKMA50TuVQztA","Sorrento's Pizza"
"AyzyqTk74oLJrhS_PdGA1g","Little Caesars"
"vs4buLuW54KW1aZFNe59bQ","Tim's Pizzeria & Pub"
"aNmMmHPZnD_8WiPdAd5WqA","Segneri's Italian Restaurant"
"mqe0BgbLu31KI8w3cTHHog","Master Pizza"
"ss978X4omzcJjIeq6K-kag","Vero Pizza Napoletana"
"btBX_7p5SOPlqe23p5HQFA","Chelsea's Pizza"
"9zLrzkqORd80CCaHQjveVw","Pizza Hut"
"o-xFcSeSycAfqplklC222Q","One World Pizza"
"8995N0iamENbaMr6lKcqUw","Pasquale's Pizzeria"
"o9pydbXW9aT7Hry_z8wbeQ","Pasquale's Pizzeria"
"kzCG-KC3YVrQs7l-0d0b1w","Jet's Pizza"
"nkM9exy9vHB65VZH8k4FKw","Pizza Salerno"
"7odNqxZDSR6ZVgxjp2r39A","Sienna Mercato"
"nB_ubro-tOc9G6DSuHC1XA","Tuscan Italian Restaurant and Pizzeria"
"JbnNk6do3aHF3Kr1bX4HzQ","Jupiter's Pizzeria and Billards"
"3nmHVtQbqFccjr-nBholOA","Italian Oven"
"q2y2K9RwT954oQGgeNAu1w","Disilva's Pizzeria"
"YsxyAYrg2LdMvf7nhp39Ow","Dahmen's Pizza Place"
"AhK5rkcrnSNh8LCSZkqXnQ","Lviv European Kitchen Pierogies Restaurant Catering"
"DIdvV0HZUMZWiYg4OXyGJg","Juliano's Restaurant & Pizzeria"
"59ZPvaiHRxykULlNFK_kVw","Harlow's"
"4Oq8TdJ-MmyDCSVJ_INjyA","Pizza Roto - Highland Heights"
"G0tUd_gFsRMGY3HXQQ3FJQ","Fox's Pizza Den - Pittsburgh"
"Vi8d1bnBRbUqPHNm9ulnWQ","Little Caesars Pizza"
"XIFPoEPkvGlTSlm9JRA_Ag","Slice Factory"
"ubqD3yi-C9FYxks-pNKPKA","Gionino's Pizzeria"
"Z2lulxqRXRVCmf5pItMOaQ","Papa John's Pizza"
"FJlLzBAQ2W2sSMqbKXwVcA","Domino's Pizza"
"ik5eS5kHpz7KVNLJCpJkXA","Peppercini's Italian Restaurant and Lounge"
"Ffcgz0ZYQ6H__t3JFFCZOA","The Great American Pizza"
"eVyEkAUx0BIFf_c1MVeUhw","Little Nipper's Pizza"
"zqoOlnAkumIi1A0HiqEqgg","Revolution Pizza"
"MSX-vRTxCmKLNITfdGEiOw","Pizza Bella"
"wUqqq1nUFA8Fn-3vYYFyWQ","Porta Bella Italian Restaurant"
"ELDjz_o5iBkFBlBG3WKJxg","Uncle Al's Pizza"
"SD54jcttbv8l1WJbOUXXQQ","Pizza Hut"
"HXO83D4b_LzkDQEQIYB_XQ","Domino's Pizza"
"3uP7K1VgnSdEieDoH00A4g","Timeout Pizza Pub & Grub"
"ZeB9AUZ6pdZmpWQGSx8NKA","Pizza Hut"
"x0yfZo7V6WDEE6voAKpC1w","Georgio Oven Fresh Pizza"
"JE3SRhAGqZrAzs0gMm5cIA","MOD Pizza"
"wunPCykUm8A9FXvsRt-IlQ","The Cabana Bar"
"6_2fCtQLEVXJgbKLnTZaXg","Pasta Too"
"0vAHRd4Xlsdx3fHV8JCRBQ","Mineo's Pizza House"
"NlWX5IBF_qRlKpCzqjPb5Q","Teresa's Pizza"
"PuoSotmq9v_j0HC1pntdwA","Master Pizza - Parma"
"qbIiJ7JU1AH3RYMm0Okmkw","Donna Lynn's Pizza"
"T5CdfrZWw-uW9Y5L_sddqQ","Police Station Pizza"
"sDaZPkwfri8U1Q8leb94Ew","Papa Murphy's"
"dTtMrvC0UoDV-3-8diJYLw","Roman Candle Pizzeria"
"1zB9uReur5fdEw5slte0gA","Pizza Hut"
"02E9r4BQzVrA76Bf7G-KMw","Edison's Pizza Kitchen"
"4372wdpvvPfe4bQsWRhnQw","Happy's Pizza"
"uG1Whgf-AtEML0pQQp00Dg","Krazy Brothers Pizza N Pasta"
"5p5YW_5bMOSuLIQjkJPO3w","Naples 15"
"A5nfhWPv5vHg7hT8zTssfw","Guys Pizza Co."
"XY5r7aptxnh-Q-OdVNk1mw","Pittsburgh Pizza Fish and Chicken"
"g9EtSHsKVAwjRpwrg21XXw","Marco's Pizza"
"0eTpZzdjkPdz8HBxlljdGw","Filippo's Pizza and Italian Food of Mahomet"
"LmNKCVuSK-asJZLfwCuZXw","Luciano's Pizza & Six Pack To Go"
"_laY6Ba-VWXCR6xg7LVtuQ","Caliente Pizza & Drafthouse"
"MtjwVcFHvtogmJZ7De8M9Q","Teresa's Pizza"
"g9otJ_FZ3D0BxqTEJetuUw","Olive Oil's Pizzeria"
"E9OP8TODswMcmTEGXE1C_g","Guys Pizza Co"
"fM-29EyHcLXBrYyzNKNRvg","LaMarca's Pizza"
"F_ylMGAY1khjuuvMd5pgsQ","P & P's Pizzeria New York Style"
"OGeEto9kyOojrR-52Lim9w","Greco Roman Scratch Bakery And Pizzeria"
"fa_yHDsmP319J11HXoWAHQ","Little Caesar's Pizza"
"3NzMmFv3Ky_cxtL9YAJFZg","Tonios Pizza"
"2og7CivCoU54PKpvlvxOYw","Noce Gourmet Pizzeria"
"UWfY2G34d9Yh_1trBILH1w","Marco's Pizza"
"xwG4o2gqxog3kRtLGMlyYg","Belleria Pizza & Italian Restaurant"
"WL5n6c5FZWTdsLCE2GoGoQ","Pizzarita"
"LDxapKCuUbH-G24O4vjD7g","Falbo Bros. Pizzeria"
"DkEOy5-hSds5Y9RvxMzCVg","Fox's Pizza Den"
"HidSAIhDmpVf38qriIi4hQ","The Pizza Stop"
"o8TpuB5PmdXXYQhG_SxmhQ","Grande Pizza"
"k5UzgpVVB6OmdcQFccLHHA","Papa Murphy's"
"3DrQQDMeP1vu0VP2IWERbw","Romeo's Pizza"
"YO0wmR-mgb_2dNCSyZFoaQ","Domino's Pizza"
"AKThbDjd3WRUBOYOLOjb8A","Monte Cello's Hampton"
"f9Jspd8aJ7GMMMH1Oianaw","Napoli Restaurant"
"Rcc2zK76CsRhQSAXCQusDQ","Mt. Lebanon Pub & Pizza"
"2p5J9bc0acslM4XBNcXAJQ","Papa John's Pizza"
"F2MJ61d9jDOiY9-Naa8I7Q","Frickaccio's"
"LEDaU-rvNk9oBLH6oUcoqg","Pizza Hut"
"GZlJDJhDlIy-Xj7ckfyJuw","Zeppe's Pizzeria"
"WS-BiFvv92oMBJs74HZang","Chuck E. Cheese"
"X9WJuPwL1-k1VzExlGXdTg","Vocelli Pizza"
"T8fYAPbZqxCXyphCn6tfvA","Romeos Pizza"
"x-ZnHkRIhpGwZ_7VwiKlRg","Crostatas Rustic Pizza"
"CtYWpX_cy1YdZgoKtS0Tqg","Happy's Pizza"
"2vrx6H0pZk9zpvc4gE8c3A","Teresa's Pizza"
"4TFm4xk1y3lSeInw0r0ALA","Papa John's Pizza"
"XguKrY0dAuaK1W6HUlUQ1Q","Retz's Laconi's II"
"zc0I2evMOPKNuu1mlm_tsQ","Say Cheese! Pizza"
"0EyRe-VkW8gYxxZ7NCQXeQ","Fox's Pizza Den"
"ym7uH6ZpCfKQ1Of7eaYGCA","Donte's Pizzeria"
"fweCYi8FmbJXHCqLnwuk8w","Marco's Pizza"
"eSLBRurpd6VFgNCD69zF1Q","Vaccaro's Pizza"
"HwBQOw7hjhuqV9pRCp8Ygw","Pizza Hut"
"4IBXNxLsEcfUIx6LUM2Aqw","Danny Boy's- Chesterland"
"qtsrM6Xxh1LqxG0X6K6tuQ","The Pizza Company - Baldwin"
"inWP6FrTecbCjgbxAxK0dQ","Zeppe's Pizzeria"
"QID6lFz37QHS2ocwM9kOGA","Bishop's Pizza III"
"4vppsPkagqh2FjEWMor3Ug","Sbarro Pizza"
"iNphZPJ8kjvjUvWK7zXkSA","Domino's Pizza"
"CAALCmefoLQtDvLEER4_6Q","3 Palms Pizzeria"
"K20MV2jSz0_KxTT8ee8Tow","Pizza Hut"
"8RFrcIjrpisD07ygcKwjPA","East Of Chicago Pizza"
"SXbezCVeHdTMywIUA0pyAA","Frankie's Italian Cuisine"
"bLHoww-5jMhvcDvJoYrElg","Blaze Fast-Fire'd Pizza"
"567fXsTtYU584RytYQNpDQ","Romeo's Pizza"
"065sBHgP3zQKrTFveNu65Q","Ambrosi's Pizza"
"tqyhUt1OyImr8hT3wQ0a4A","BFG Caf¨¦"
"XBY5WCikRpzboqwLc8CcBg","Ballantine"
"XoXMsSRtZVMiDVcDIO5RiQ","Latina Pizza"
"lDVrw4kaua2W4GeP4Cy-EQ","Mama Catena Vino e¡¯ Cucina"
"vXjGQvk2EEveU_Syuu_1uw","Hungry Howie's Pizza"
"l1hqzJAIYEs3NQYqjH_kxA","Vespucci Pizza"
"4tJiL2mHKO-erM6xoZji9Q","Cafe Milano"
"rZAmlenpEIPUljjQQayrIw","Domino's Pizza"
"mtPXFA8wKh2yKZ_BAEILvg","Patino's Pizza & Restaurant"
"HnhlGIi4qUOt3apovg-zdQ","Topper's Pizza"
"c8i8rpPJkXMVyOnZe1kVFw","Captain Tony's Pizza"
"ttwba0MugfWyfGB9HH6fMQ","Danny Boys Pizza"
"829Kv1uZJj5q8sr2G0mnvA","Samosky's Homestyle Pizzeria"
"5b8x_kMnx_r_1_UOyD_poQ","Crafton Pizzeria"
"4l56EXyCWwPlPXcX9qq-jw","Dannys Pizza"
"X5O88PUGY740Nob-G-YUxA","Gionino's Pizzeria"
"Tuj_q3-gFRsRzR1xxQqNeA","GrandSlam Pizza"
"RP7P33XWuVyEN_YZhk652A","Northfield Inn Restaurant & Lounge Bar"
"c9UmJiX2G7hKMpivZ3h1oQ","Pastoli's Pizza, Pasta & Paisans"
"qcmw9NdY-vAoU7En5uic1g","Jet's Pizza"
"YQ0h5NTYgrBgOXf2VRYKVg","Courthouse Pizzeria"
"BvARTl3t-aztQ9HPKc9xGQ","Domino's Pizza"
"R_hm1qC8dw9mOFHKqTJlPA","Beer & Belly Sports Grille"
"ltPbGal-SQrlKbWeLaGd4w","Domino's Pizza"
"cyIUABtOaxJoJXTQVPj8DA","Gioninos Pizzeria"
"--GM_ORV2cYS-h38DSaCLw","Mm Mm Pizza"
"3H8GMPJGdkw1PS87aBsqXQ","Little Caesars Pizza"
"wKvvX7nls576gHPyzKgZ3w","California Pizza Kitchen at Legacy Village"
"rV6PwAjgpTx5Knr5lYouoQ","Master Pizza"
"lwLd3mQRtzywaf0ndkyOmQ","Marco's Pizza"
"3gkqdLgL1Ca0hy1YRsA2Gw","V3 Flatbread Pizza"
"KISNjnQaKGzmGritl_5OoQ","Bellisario's Restaurant"
"B-myMqxqAYvU1G0DA-O7SQ","Angelina's Pizzeria"
"ZBow_7ssh7tWEAyLIrKGtg","Woody's Catering"
"TjrXGnYILIHUjp1IYbmOnA","D'Tutanelli's Pizza"
"b7pkopqvDr7A7S7hlqp6cw","Zeppe's Pizzeria"
"oYMsq2Xvzw6UbrIlMWjb-A","Papa John's Pizza"
"CdRgZ-4KECfnaD8-UsYHrg","Adrian's Pizza"
"8XplB7k3ktoWLZbRHjN66Q","Pizza Hut"
"dBNMq06VHg4iSPLpjfpgyg","Little Caesars Pizza"
"XwwjDG5z91z4fxxUYW-yxw","Continental Cuisine"
"CdpThXl72dfXr78EDzTDNw","Gionino's Pizzeria"
"LWaNpHYagTPy1rs2GBN7ew","Caputos Friendly Inn"
"VX6DcQETQbuPbTC4hUoREg","Spennatos"
"4QC-P82ydY2x2HlXzVVJ0g","Homestead Capri Pizza"
"AhYG10mP_LOHePr_SC4Peg","BB Jack's"
"xeCqEmjQi0M0dlf4DXcugA","Pizza Bosa"
"spjaRNFn9Lmh4petKBuf5g","Sweet Basil Neapolitan Style Pizzeria"
"7aUnd76Myn3ocL425AWGeg","Venice Cafe"
"7o3pSUrqqmGSxDlthpL63Q","Arturo's Bar & Grille"
"nAdghiInFhvkq9dycI0Psw","Pizza Pavilion"
"qpjEu9iBBzIrBGCD-6ENMg","Pie Bar"
"THH2CXT1w2acF7qDECx2yg","Blaze Pizza"
"lHLNQnEHwCJ_CROCfCxEzw","Scotti's Italian Eatery"
"TXcVQfX4J0NqKRqgDBgWOA","Marco's Pizza"
"2lwPlYB74IFWuQz8zVPApQ","Domino's Pizza"
"cJF_93-5f5IflEFTlN4Viw","Casey's Family Restaurant"
"ALtyWW7_gLMMcrwwHUgdPQ","Pranzo!"
"jUxLgiiYKnsM238eUZUqlA","Sir Pizza"
"2qTT_zT99eHT4XqEJTOKLA","Congin's Pizza"
"Uv7dO93lwpq0MqGsu6-_XQ","Banana Peppers"
"F3aRx6nFWOa2whLavwICOw","Pugliano's Italian Grill"
"LWg2e5wDGMIdyxZblPtAWA","Anselmo's Pizzeria"
"QSM3w1AAdFDQXGE26vNsZA","Pizza Hut"
"rXIDrS8Rz8r09vH4gjHfGQ","Manolo's Pizza & Empanadas"
"DpBYX9W8hQzYqVLXntFetw","Pizza Plaza"
"gRTEQPvX3s1WzFhOPNbVeg","Fox's Pizza Den"
"6kD0vTLj3oZJm7kXRSvfKw","Sorrento Ristorante & Pizzeria"
"iX2rl6mNNu2TjoRbiX6wSQ","Violante's Restaurant"
"4HVGgGI5rKvUJcaIV7ub7Q","Gionino's Pizzeria"
"ruEXmCPwoZBTVOv6RCEZCg","Joe & Pie Cafe Pizzeria"
"F2CdVtudYJlSgTAqWDX8gA","Pizza Hut"
"3_SScA__BTHLaVg6RJjf4g","Mama Rosa's Pizza & Sub Shops"
"r2UzW3YrmpxxkpTOuqOdJA","Little Caesars"
"dYlBcBLp3KY5Tc78d8k0ow","Brick N' Mortar Kitchen & Catering"
"yNp0ybYo07JQWlmdz1K4Cw","Players On Madison"
"8R6VkHg7pNvW0mW2_KjDDg","Brio"
"oNbHWBPd4O8unJqBi_MNDQ","La Nova Pizzeria"
"hwjbr0Qskx_qWqx1de5gTg","Pizza Pit"
"dQwH07r6eSfY5cU4McyLFA","Dad's Pub & Grub"
"LbyCngxEveE7G6w2mqeueg","Diane's Pizza"
"ly0oNXKOoSZyr0mzOsVJhg","Monical's Pizza"
"H6Gb3P21h4e_stdjFQO9oQ","Rocky Rococo Pan Style Pizza"
"_XAoV-292ygR5Wb4qssyDQ","Fox's Pizza Den"
"hXmwjL2LeWlsZCAGRUrP2w","Vocelli Pizza"
"o47aY911-1rK9tHeXOWxFg","Pizza Perfectta"
"83_gVj7cnJd0-J5ZoYN9qA","Papa John's Pizza"
"p4jRa3qzDJtV-hSjcuNUag","Pi Coal Fired Pizza"
"5fmhGouEy_7WLloRyXRyUg","Pizza Milano"
"qzjMO-bLXirGU1Q4_8vJEg","Vicinato Pizza"
"ots7CgnVUu7f9qNiZCXw7w","Guys Pizza"
"RCfpKRSP5o04gdzy7Vhnqw","Hooty's Bar & Grill"
"jEoBsvxQ-_CYJLVlZ1vuKA","Villa Rosa Pizza & Restaurant"
"Y1AyPfNDzNhEpUsfuYP_lA","Fox's Pizza Den"
"tGeWVgHBoAXVuogF2fxOwg","AJ's Pizzeria & Diner"
"tNWsJ4kQ_SAPGayTkrulbw","Best Pizza & Sandwiches"
"ul2w_Qe0eNbDwxI-UCJjfg","Joe & Pie Moon"
"1c5zSIpq_FxswBIJ-S9yUg","Donatos Pizza"
"9ZG39nbjc4qmK5Zn64Ocig","Maxwell's Pizza"
"2VEa7rpo68KG0_5pBj0dFA","Danny Boy's Pizza"
"YgO2v1VNtbPA7zgp0szJXA","Joe & Pie - Downtown"
"mEnJaayTlrP1WYPBWNhkUg","Pomodoro's"
"_LLlDikUUfUgD80pQQCUFg","Teresa's Pizza"
"soQEl35sQuARBOlH1Y6MaQ","Teresa's Pizza"
"NFTOaufaF6oHsshUROAp8g","Dino's III"
"7dD33tgzQ4S1vfd21dv5Eg","Papa John's Pizza"
"5U6eSspKyHyaT7jAYpgWTw","Monte Cello's Downtown"
"oglIZt5mg2nErhpTH_AakQ","Cafe La Bellitalia"
"q6BzQz426uH6rB7bmZvexQ","la Cappella"
"D2AKQk8X-SjSRHc1jzISIg","Pasquale's Pizzeria"
"Nkb9_PKgnVYZe8W1y_fBRg","Dante Next Door"
"5FAY_DhlgvNyUABqAgZZIQ","Mark & Philly's"
"Bwi7OUVrRqCwKfmAO6fq8A","Romeo's Pizza"
"sxQrSzv4SS4b6o3tgmWS7A","Chuck E. Cheese"
"M-caugKzJ9qLOmCBfD9Nyg","La Brioche True Food"
"SIGb2Q6PuoixOR4VtwgpgA","Domino's Pizza"
"VEusQnnMJW6e8wuiW2_H0Q","Portofino's Pizza & Pasta"
"Tl9h-Qev_OymQ7XB1kbKnw","Master Pizza"
"FnlNoLbbYtljVmte6_nZFw","BJ's Restaurant & Brewhouse"
"mxZQQwT8VkoPGH0-1pbXZQ","Pasquale's Pizzeria"
"AxvkpFF3mi8yhDXjqxYTIg","Inferno Pizza"
"A-IqLvBfU5Gr_b9HVLETTw","Pizza Parma"
"t181Pejkkaos8n7HW8YYCg","Bella Pizza"
"dhKYHhp136Fzu_RASIiTEg","Cha Spirits & Pizza Kitchen"
"Pt4rt1u_5KuS_NSMqerG_Q","Pizza Pit Extreme"
"jCq-kgvINNdtSqSDG3HZBQ","Village Pizza"
"8mpIro7yAzGIlFZ4oVowBA","Messina's Pizza & Restaurant"
"UupAeWSMc0wwZIdZgVTp-A","Little Caesars Pizza"
"jEIstIhHuH8FxzIEOTnB1w","Pizza Pit"
"hkYRgPoWUQXJ8iHXSqvFZA","Pizza Pan"
"EBwKRtjNeTjA5viMpc5lqQ","Lucci's Pizza and Pasta"
"8xrwjD-Udv7cm_emVcVo3A","Giovanni's Pizza & Pasta"
"jXo3-D3fCzaQzLE0NRZlZw","Angela-Mia Pizza"
"MxXo4qc5lXAbis-umS_2pw","Vocelli Pizza"
"dUxnPaU2S67QQYpWTSjqTA","Masthead Brewing"
"Mj3MfOW3J6RrGjfn0pCGzQ","Kiddy's Kingdom"
"RMkBZDwEbcv5Ctd-a2A0Lw","Gino's Italian Deli"
"8HFCHgz99iVeA23SCDyP3Q","Fox's Pizza Den"
"lPsT-Rmmf6333z6h6ANHrw","Lotsa Stone Fired Pizza"
"IJYqKCfeM4ePy7oqxSah7Q","Pizza Hut"
"Mrh6EoDcsDWmvWBPmK7ncw","Pickles Pizza & Sandwich Emporium"
"GoWNE6T23FNqSG0njOtiig","Chuck E. Cheese"
"I5kKpCDxdrV1Lxss2T681g","Pizza Bella Monte"
"ltec6XSWhDyvD2Dv-T3gAA","Papa Johns"
"GD42Z3Xz7rGHZ9nLFOKO-w","Noce Gourmet Pizzeria"
"dVNclDVvN2nYnLkAccjeTA","bb Jack's"
"kokytV29X4717mjIC3H7Xg","Papa John's Pizza"
"dtwgOhP498xDsXv2vmdo7g","Pizza Station"
"Fq3JQOd0b_8MqENnxSwMDA","Falorio's"
"IJSu7R5hDqX03Fvh8XoUiw","The Grille"
"o6wYg2EP_pzSt8fLT4-JpQ","Master Pizza Painesville"
"LDIl863KlzNr8hmBXupkdg","From Italy"
"Gtc_AiDFXA4Hf2MXJXmsgQ","Domino's Pizza"
"n3VKDpNlYr5vVEzHmUOE1w","Nirvana Pizza"
"M4f1JtOp03-gv8xR5JtV8Q","Papa John's Pizza"
"h7Mw3lNMGttGNlNs68Bucw","Dewey's Pizza"
"beQdq_FSb-kL2e2ch7Bt6g","Marco's Pizza"
"oTTBpDELlpgMah1o0OIbvA","Broadway Pizza Spaghetti & Sandwich"
"l8IqBeFXK3dqFEs7YL3ukg","Pizza Parma"
"qSN504OGvbnoucXcYZlnTQ","Pizza Pan"
"Xdoqt46KMRBiaWWMa41m1A","The Coal Mine"
"nR3u-wQ99bop6IdGoU38KQ","Jet's Pizza"
"bObysWCWZqc_rqSC0U83Yg","Falbo Bros. Pizzeria"
"D6SCh4BwNb52wZIqXdS4JQ","Esquire Lounge"
"45wDLpgW2BFrCRqlf19Efg","Paisano's"
"Nz1_M6YveZvvwXj1xoBq1g","Papa John's Pizza"
"-8ILwSisSrTzcyy_Z0o9oA","Pizza Cono"
"rUy2MtHyFv8pI7FOW1DE8w","Pino's Contemporary Italian Restaurant & Wine Bar"
"4asr35mgBPLpNH4NCFPEhg","Domino's Pizza"
"DO9Wp7zXwc2ZNEb8cXaqbg","Station 6 Pizza"
"8CjI8nebSDB5aINJc3dLwA","Quattro Pizza"
"0fkjHTNaMCT4FjZqaa4euA","Oakland Milano's Pizza"
"sqDrI3mBAuvaZcUK6vm0Fw","Guys Pizza Co"
"mZ3l8RpwszlVAKDu7lWEmg","Red's Pizza"
"R13VkcyUIU3xG2fRFbBvBA","56 Kitchen"
"v43qggsvaezDlZSC_IGJIg","Frank's Pizza & Chicken"
"R7X6MGkwU6BfUTzglBiyRQ","Monical's Pizza"
"7Pt85VDIaEdZckpnU8neNw","Tony's Pizza & More"
"iKU6-AJM5fIROvEeb1tBPg","Original Ray's Pizza"
"TaR8jFGD5OvHaY_ve7m4Rw","Mitchell's Tavern"
"bWfwTLWvrGd1LPwDKzq1WQ","Italian Village Pizza"
"gdXfiX8gRpe2TeaWZJoOHQ","Urban Slice"
"gF9G4EROBh1tP2m5ksaKSw","Angela Mia Pizza - Richmond Heights"
"WYxSlAMiQ2NB7Ns8NKTTAw","Angie's Pizza"
"1qmDaCGJTam1--pEIuvkbg","Lillen's Restaurant"
"CHceWQu2mGXkYzt4s7TaQA","hanadi's"
"EZOoB2D8uQHV_gJoGCMTxQ","Jimmy John's"
"KzNG3-kfGCC01USMS2BZvA","Boonda's"
"fPrWKd45pWhHCkojHRb_cw","Nature's Kitchen"
"YZk6HmAIhQH2v-tIpKrw9A","Sbarro"
"3ukqpcOyqv-KYLULRtEYEw","Pizza Bianca"
"YFO5rDWDZ7Ngk_DEobjpLw","C Town Pizza"
"yxA93kcBmb_51wOx_iZssA","Monical's Pizza"
"Nf9s7ULgb0Shnc5Mr7JweQ","Eddie's Pizza Haus"
"0d7A9O7xJoYyEiJFaR7PAw","Marco's Pizza"
"kFzq1hy_G3GCrPZcL6p4Wg","Barley Jacks Pizza"
"DzvNrAo1DJcqA_vZT6cF_g","Pizza Marsala"
"UxXWkSy6Kzgbhy5hU9gXrA","Falbo Bros. Pizzeria"
"kQCln6Ta8YM45dgzBFKZNQ","The Loft"
"_yzOlwHLZRwHz_rTQybhHA","Happy's Pizza"
"Glg017F8ER-HSfDjap7YHw","3 Guys Pizza Pies"
"kkzmhC0MULVag0z50e6eGQ","Papa John's Pizza"
"aWtiHukHbJPmBPSLcrT8xg","Georgio's Oven Fresh Pizza"
"dLRJhdnelmOXRa3WeeTbnQ","Rizzi's Ristorante & Pizzeria"
"A96UMn--KouLcMO6DUi8Ng","Family Restaurant"
"irwDkp2eMP2x-4MfunRt8g","Buca di Beppo Italian Restaurant"
"yp0pasf3rRScgQHBO5Q6wA","Corduroys"
"ZaRyLIOCkF23v_B-ssRRbA","Happy's Pizza"
"VjaHHmV-rSkFaOAnU3faxg","Salvatore's Tomato Pies"
"_LE7iJS_cjButuESEUGnHw","Domino's Pizza"
"yT1Ad3auuw1jAJEZHr7Yqw","Mercurio¡¯s"
"o_dWM_hlpgjjd7F15UPjZw","Lindey's Lake House"
"tA94-mTcySKBBsaTm5yDKA","Pepperoncinis II"
"aVNQGP7GaWscT-huq1O-Jg","Good Fella's Pizza"
"vuDL_d3GYAtbvX9EJQqVog","Pizza Hut"
"Zv2ZxnAZLswC3IXyiHhYeA","Lovellee's Pizzeria"
"OuKfLByYHVSwL8yTooQOXw","Old Market Bistro"
"8fTmSEyKwsC863IEMwEIxA","Little Caesar's Pizza"
"Y1Nw27hk9C-xofNxO3TIRw","Marco's Pizza"
"uqxrc-R7h-MMMgBrcITycw","Jake & Sons Pizzeria"
"Z9wnRnSvmt7PeMo69x3s4A","Roman Candle Pizzeria"
"GGTts8DZKPebJwqsDQDBKg","Pizza Station"
"sH0IBENjMdWMEjqEfep0Qw","Romeo's Pizza"
"eHBefyiDT7-mjXcSrD1bYw","Houlihans of Cleveland"
"XDTC0NpOTHbYlzhooeiVIg","Al Dente Pizzeria"
"1gXPQJYB1zS91N2tbqQo6g","Bongiorno's Family Ristorante"
"2wCzZUwcqRRBrAtBBYxnog","Frankstown Wood Fired Pizza"
"Ve6bA_jf9A7EWKXeyWf7PA","Mandy's Pizza"
"h5A6Ycafvo6fWXgDAMYDOg","Blue Moon Yoga Studio"
"Qtv6iGDAHBmAKBgl40JgLw","Blaze Fast-Fire'd Pizza"
"ZZGs9idRiKRHue2RyXw9uA","Marco's Pizza"
"v8GgrqLTs_NZZl2tkyvOgA","Cleveland Clinic Cafeteria"
"qWcaGio9JsqrvgmQiIRtIQ","Country Style Pizza"
"AlwKuzyrrxlZ04ktebwmcA","Pizza Pit"
